country_id,country
-1,\N
1,
2,United States
3,South Africa
4,United Kingdom
5,Russia
6,Russia
7,Russia
8,United Kingdom
9,United States
10,United States
11,Thailand
12,Canada
13,Australia
14,Singapore
15,Belgium
16,United Kingdom
17,Canada
18,Mexico
19,Mexico
20,Spain
21,France
22,United States
23,United States
24,United States
25,United States
26,United States
27,United Arab Emirates
28,Republic of Korea
29,Pakistan
30,Australia
31,United States
32,Libya
33,Gambia
34,Ivory Coast
35,United States
36,Canada
37,Ukraine
38,Democratic Republic of the Congo
39,Iran
40,Finland
41,Russia
42,Brazil
43,Brazil
44,Canada
45,Colombia
46,Colombia
47,AEROCENTER
48,Ghana
49,United States
50,United States
51,Brazil
52,United Kingdom
53,United States
54,Mexico
55,Kenya
56,Liberia
57,United States
58,Kenya
59,United Kingdom
60,Pakistan
61,Canada
62,Togo
63,Somali Republic
64,Morocco
65,Australia
66,United States
67,United States
68,Canadian Territories
69,Ukraine
70,Dominican Republic
71,Japan
72,Albania
73,Spain
74,Spain
75,Ivory Coast
76,Nigeria
77,United Kingdom
78,Dominican Republic
79,Germany
80,Mexico
81,United States
82,Canada
83,Slovenia
84,Mexico
85,Canada
86,Finland
87,Canada
88,Thailand
89,United States
90,Spain
91,Canada
92,Czech Republic
93,Benin
94,AEROCESAR
95,Russia
96,Greece
97,Chile
98,Colombia
99,Tanzania
100,Bolivia
101,Spain
102,Mexico
103,Mexico
104,Spain
105,United Kingdom
106,Italy
107,Canada
108,Sweden
109,United States
110,Colombia
111,Thailand
112,United Kingdom
113,Mexico
114,Ukraine
115,United States
116,Italy
117,United States
118,Czech Republic
119,Argentina
120,Australia
121,Sierra Leone
122,Indonesia
123,Senegal
124,Indonesia
125,Afghanistan
126,Canada
127,Uganda
128,Uganda
129,Sierra Leone
130,Russia
131,Mexico
132,Bosnia and Herzegovina
133,Uganda
134,Canada
135,Canada
136,Italy
137,France
138,United Kingdom
139,France
140,Canada
141,United States
142,Gabon
143,United Kingdom
144,Ivory Coast
145,United States
146,Sierra Leone
147,Angola
148,Nigeria
149,United States
150,Uzbekistan
151,Senegal
152,Canada
153,Namibia
154,Greece
155,Turkey
156,Vietnam
157,Ivory Coast
158,United Kingdom
159,Nigeria
160,Zambia
161,Venezuela
162,Gabon
163,Egypt
164,United States
165,Mexico
166,Canada
167,France
168,Angola
169,Angola
170,Ireland
171,Chile
172,Spain
173,Russia
174,Switzerland
175,Gambia
176,Serbia
177,United States
178,Mexico
179,Peru
180,Morocco
181,Mexico
182,United States
183,Slovakia
184,Denmark
185,Azerbaijan
186,AIRPORT HELICOPTER
187,France
188,United States
189,Dominican Republic
190,Ireland
191,Hong Kong
192,Mexico
193,Croatia
194,Italy
195,Hungary
196,Ukraine
197,Azerbaijan
198,Estonia
199,France
200,Chile
201,Canada
202,Mexico
203,Kenya
204,Swaziland
205,United States
206,Spain
207,Czech Republic
208,Pakistan
209,Thailand
210,United States
211,Estonia
212,Canada
213,Ivory Coast
214,Germany
215,Canada
216,Ireland
217,United States
218,India
219,Gabon
220,Reunion
221,Iceland
222,Canada
223,Spain
224,Bosnia and Herzegovina
225,France
226,Brazil
227,France
228,Canada
229,Australia
230,Australia
231,Israel
232,United Kingdom
233,Mexico
234,Mexico
235,Austria
236,United States
237,United States
238,Nigeria
239,Jamaica
240,Italy
241,India
242,Malta
243,Mexico
244,Mexico
245,Colombia
246,United States
247,Portugal
248,Japan
249,United States
250,Japan
251,Cyprus
252,Republic of Korea
253,Estonia
254,Canada
255,Senegal
256,Libya
257,Kazakhstan
258,Colombia
259,Kyrgyzstan
260,Turkmenistan
261,Mexico
262,Canada
263,Kiribati
264,Canada
265,Cambodia
266,Japan
267,Kazakhstan
268,Mexico
269,United Kingdom
270,Colombia
271,Belgium
272,Mexico
273,United States
274,United States
275,United States
276,Germany
277,United States
278,Mexico
279,Netherlands Antilles
280,United States
281,United States
282,United States
283,Mexico
284,Mexico
285,United States
286,Russia
287,United States
288,Switzerland
289,Canada
290,Sao Tome and Principe
291,Venezuela
292,ALNACIONAL
293,United States
294,Canada
295,United States
296,Kazakhstan
297,Colombia
298,United States
299,France
300,Lithuania
301,Brazil
302,United Kingdom
303,Maldives
304,Canada
305,Austria
306,Malawi
307,Moldova
308,Montenegro
309,Canada
310,Peru
311,United Kingdom
312,Italy
313,United States
314,Canada
315,United States
316,Macao
317,Egypt
318,United States
319,Seychelles
320,Bulgaria
321,Mexico
322,Dominican Republic
323,Nigeria
324,Japan
325,United Kingdom
326,United Kingdom
327,Spain
328,Papua New Guinea
329,United Arab Emirates
330,Canada
331,Russia
332,Moldova
333,Latvia
334,Libya
335,Nigeria
336,Japan
337,ANTARES
338,Australia
339,Colombia
340,Argentina
341,Canada
342,United States
343,France
344,AVINOR
345,New Zealand
346,Kazakhstan
347,Mexico
348,ALCON
349,Russia
350,Czech Republic
351,Italy
352,South Africa
353,Argentina
354,Mexico
355,Mexico
356,ASTORIA
357,Russia
358,Moldova
359,Colombia
360,Cambodia
361,France
362,COMPANY AS
363,Portugal
364,Mexico
365,Ukraine
366,United Arab Emirates
367,United Arab Emirates
368,United States
369,Mexico
370,Nigeria
371,Italy
372,Philippines
373,Croatia
374,France
375,Colombia
376,Canada
377,AIRPAC
378,Mexico
379,Sweden
380,Thailand
381,AIRFLIGHT
382,ASA PESADA
383,AIR PRINT
384,United States
385,Colombia
386,Germany
387,United States
388,Russia
389,United Kingdom
390,APPALACHIAN
391,ALASKA PACIFIC
392,Canada
393,AEROPERLAS
394,United States
395,AEROPUMA
396,Democratic Republic of the Congo
397,United States
398,United States
399,Dominican Republic
400,ATCO
401,Canada
402,Australia
403,United States
404,AVIOQUINTANA
405,South Africa
406,United States
407,Nigeria
408,Aruba
409,United States
410,Portugal
411, S.A.
412,Argentina
413,United States
414,Mexico
415,
416,Dominican Republic
417,Mexico
418,Mexico
419,Spain
420,France
421,Spain
422,Canada
423,Russia
424,Lithuania
425,ARMSTRONG
426,Armenia
427,Chile
428,Colombia
429,United Kingdom
430,France
431,AIREX
432,Russia
433,Chad
434,Mexico
435,Mexico
436,Mexico
437,United States
438,United States
439,ALASKA
440,Canada
441,Canada
442,Egypt
443,Russia
444,SCHEFF
445,South Africa
446,AEROSUN
447,Canada
448,South Africa
449,Russia
450,Slovakia
451,Canada
452,United States
453,ALL STAR
454,AIR CLASS
455,Mexico
456,Mexico
457,Nepal
458,New Zealand
459,Sudan
460,Panama
461,Guinea-Bissau
462,Russia
463,United States
464,Canada
465,Tanzania
466,Dominican Republic
467,ATLANTIS CANADA
468,Kazakhstan
469,United States
470,Burkina Faso
471,United States
472,Australia
473,Germany
474,Colombia
475,Mexico
476,Australia
477,France
478,United States
479,Colombia
480,Netherlands
481,Mexico
482,Mexico
483,Russia
484,Senegal
485,United States
486,Democratic Republic of the Congo
487,Ireland
488,Hungary
489,Germany
490,Canada
491,Austria
492,United Kingdom
493,Germany
494,Italy
495,Russia
496,Russia
497,Ecuador
498,Ecuador
499,United States
500,AUDI AIR
501,Germany
502,United Arab Emirates
503,Russia
504,Uruguay
505,Mexico
506,Russia
507,Mexico
508,United Kingdom
509,Australia
510,Argentina
511,AURORA AIR
512,Uganda
513,AUSA
514,Australia
515,AVIANCA
516,United Kingdom
517,ALAMO
518,Canada
519,Djibouti
520,United Kingdom
521,Kyrgyzstan
522,South Africa
523,AVEMEX
524,Vanuatu
525,South Africa
526,United Kingdom
527,Australia
528,Sao Tome and Principe
529,Sierra Leone
530,AQUILINE
531,ACTIVE AERO
532,Spain
533,Indonesia
534,France
535,United States
536,Greece
537,Lithuania
538,Belgium
539,Serbia
540,Zambia
541,Ivory Coast
542,France
543,Bangladesh
544,Bulgaria
545,Mexico
546,Mexico
547,France
548,Georgia
549,El Salvador
550,Swaziland
551,France
552,AEROVARADERO
553,Spain
554,AIRNAT
555,New Zealand
556,Australia
557,Niger
558,Canada
559,Canada
560,Russia
561,Jordan
562,Canada
563,Germany
564,AIRWAVE
565,United Kingdom
566,AEROWEE
567,France
568,Sudan
569,India
570,Sudan
571,Australia
572,Mexico
573,AIR FREIGHTER
574,Kenya
575,Netherlands
576,Malaysia
577,Greece
578,Spain
579,United States
580,Canada
581,Mexico
582,Mexico
583,Philippines
584,RENTAXEL
585,United States
586,France
587,Macedonia
588,France
589,Mexico
590,Armenia
591,AIRMAN
592,ATLANTIC NICARAGUA
593,Libya
594,Israel
595,Russia
596,Italy
597,Kazakhstan
598,Germany
599,Switzerland
600,Azerbaijan
601,Zambia
602,Mexico
603,Bolivia
604,United States
605,Russia
606,AZIMUT
607,Ukraine
608,Zimbabwe
609,Mexico
610,Egypt
611,Uganda
612,Morocco
613,Gabon
614,ARIZAIR
615,Sudan
616,United States
617,Ukraine
618,United States
619,Lebanon
620,Mexico
621,Nigeria
622,Venezuela
623,Senegal
624,Angola
625,Thailand
626,United States
627,Canada
628,Spain
629,Austria
630,Mexico
631,United States
632,Libya
633,Ecuador
634,Belgium
635,Mexico
636,Italy
637,Mexico
638,Mexico
639,Mexico
640,Mexico
641,Russia
642,Spain
643,Spain
644,Hungary
645,Mexico
646,Serbia
647,Bulgaria
648,United States
649,Kazakhstan
650,Guatemala
651,United States
652,Mexico
653,Kazakhstan
654,Bahrain
655,Barbados
656,Sudan
657,Russia
658,South Africa
659,United States
660,Chile
661,Serbia
662,Italy
663,Netherlands
664,Sudan
665,United Kingdom
666,Mexico
667,Mexico
668,Mexico
669,Mexico
670,Colombia
671,Mexico
672,United States
673,Venezuela
674,United States
675,Mexico
676,Spain
677,Portugal
678,Mexico
679,United States
680,Mexico
681,Mexico
682,Ivory Coast
683,Botswana
684,United States
685,Tanzania
686,Spain
687,Canada
688,United States
689,Germany
690,United Kingdom
691,Nigeria
692,French Polynesia
693,Ukraine
694,Macedonia
695,Bulgaria
696,Italy
697,Ukraine
698,United States
699,Zambia
700,New Zealand
701,France
702,Finland
703,Kenya
704,United States
705,Russia
706,Ukraine
707,New Zealand
708,Slovenia
709,Ecuador
710,United States
711,Russia
712,Mexico
713,Russia
714,United States
715,Togo
716,Zambia
717,France
718,Russia
719,Gabon
720,Ukraine
721,United States
722,United States
723,Russia
724,Russian Federation
725,Uruguay
726,Cambodia
727,Bulgaria
728,France
729,United States
730,Serbia
731,United States
732,Venezuela
733,Mexico
734,South Africa
735,Colombia
736,Russia
737,Sudan
738,Bulgaria
739,Angola
740,France
741,United States
742,Bolivia
743,Australia
744,Russia
745,France
746,China
747,Mexico
748,Mexico
749,Ukraine
750,Mexico
751,China
752,Chile
753,Peru
754,Russia
755,Russia
756,Spain
757,Portugal
758,Democratic Republic of the Congo
759,Mexico
760,Belize
761,Portugal
762,China
763,Ukraine
764,Democratic Republic of the Congo
765,United States
766,Kazakhstan
767,United States
768,United States
769,Mexico
770,Portugal
771,United States
772,Dominican Republic
773,Canada
774,United States
775,Spain
776,Canada
777,Ukraine
778,Mozambique
779,Japan
780,Angola
781,Mexico
782,Canada
783,United States
784,China
785,Mexico
786,Mexico
787,New Zealand
788,Marshall Islands
789,Australia
790,Italy
791,United States
792,United States
793,Mexico
794,Algeria
795,Chile
796,United States
797,Canada
798,France
799,Netherlands
800,Indonesia
801,United States
802,United Kingdom
803,Mexico
804,Mexico
805,Algeria
806,Djibouti
807,Italy
808,Mexico
809,Chile
810,Mexico
811,Mexico
812,Mexico
813,El Salvador
814,Spain
815,United States
816,Russia
817,Spain
818,United Kingdom
819,Mexico
820,Ethiopia
821,Portugal
822,United States
823,Mexico
824,United States
825,Ecuador
826,France
827,Slovakia
828,Estonia
829,Mexico
830,Germany
831,Mexico
832,Spain
833,Mexico
834,Ecuador
835,Spain
836,France
837,Ireland
838,Mexico
839,Italy
840,Mexico
841,Italy
842,China
843,Spain
844,France
845,Mexico
846,Mexico
847,United States
848,Mexico
849,Air S
850,Russia
851,Mexico
852,Chile
853,Mexico
854,Mexico
855,United Kingdom
856,Mexico
857,Mexico
858,Sudan
859,Mexico
860,United Kingdom
861,Germany
862,Portugal
863,United States
864,Denmark
865,Argentina
866,Fiji
867,Angola
868,United States
869,United States
870,Mexico
871,Mexico
872,Mali
873,Kenya
874,Mexico
875,Mexico
876,Finland
877,Germany
878,Finland
879,Fiji
880,Pakistan
881,Faroe Islands
882,United States
883,Mauritania
884,Italy
885,Spain
886,France
887,United States
888,Democratic Republic of the Congo
889,Nigeria
890,Kenya
891,Cameroon
892,Russia
893,United Kingdom
894,Chad
895,Austria
896,Iceland
897,Philippines
898,Uruguay
899,Germany
900,Gabon
901,Spain
902,Ghana
903,Mexico
904,Angola
905,Canada
906,United Kingdom
907,Ghana
908,Guinea
909,Guinea
910,Guinea
911,Angola
912,United States
913,Guatemala
914,Mexico
915,Mexico
916,Lithuania
917,Canada
918,Greece
919,Georgia
920,Sao Tome and Principe
921,Denmark
922,Mexico
923,Portugal
924,Belarus
925,United States
926,Kazakhstan
927,Turkey
928,United States
929,Mexico
930,Mexico
931,French Guiana
932,Georgia
933,Haiti
934,Comoros
935,France
936,Chile
937,France
938,Honduras
939,Mexico
940,Haiti
941,United Arab Emirates
942,Hungary
943,United States
944,Canada
945,Mexico
946,Uganda
947,Norway
948,Ireland
949,Togo
950,Russia
951,Cameroon
952,Greece
953,Ghana
954,Kazakhstan
955,United Kingdom
956,Mexico
957,Mexico
958,Chile
959,Mexico
960,Spain
961,Iran
962,Iran
963,Iran
964,Iran
965,Czech Republic
966,Angola
967,Mexico
968,Spain
969,Russia
970,Myanmar
971,Mexico
972,Austria
973,Nigeria
974,United States
975,Canada
976,Jamaica
977,Australia
978,Mexico
979,Kazakhstan
980,United States
981,Mexico
982,Mexico
983,Canada
984,Republic of Korea
985,Ukraine
986,Italy
987,Libya
988,Kazakhstan
989,Austria
990,Uzbekistan
991,Bulgaria
992,Egypt
993,Germany
994,United States
995,Turkey
996,Mali
997,Mexico
998,Democratic People's Republic of Korea
999,Kazakhstan
1000,Colombia
1001,Kazakhstan
1002,Angola
1003,Ukraine
1004,Kazakhstan
1005,United States
1006,Kazakhstan
1007,Mexico
1008,Albania
1009,Mexico
1010,Albania
1011,Mexico
1012,Russia
1013,Nigeria
1014,Mexico
1015,Egypt
1016,Mexico
1017,Turkey
1018,Canada
1019,Mexico
1020,Egypt
1021,Italy
1022,Nigeria
1023,United States
1024,Spain
1025,United States
1026,India
1027,Mexico
1028,Libya
1029,Argentina
1030,Kazakhstan
1031,Mexico
1032,Kazakhstan
1033,Kazakhstan
1034,Ecuador
1035,South Africa
1036,Mexico
1037,Sudan
1038,Senegal
1039,South Africa
1040,Austria
1041,Russia
1042,Mauritania
1043,Lithuania
1044,Russia
1045,France
1046,Mexico
1047,Switzerland
1048,Armenia
1049,Italy
1050,Lithuania
1051,Guinea-Bissau
1052,Portugal
1053,Lithuania
1054,Bulgaria
1055,Bulgaria
1056,Spain
1057,Mauritius
1058,Austria
1059,Kyrgyzstan
1060,Angola
1061,Moldova
1062,United Kingdom
1063,United Kingdom
1064,Mexico
1065,United States
1066,Madagascar
1067,South Africa
1068,Nigeria
1069,Mexico
1070,United States
1071,Mexico
1072,Mexico
1073,Moldova
1074,Djibouti
1075,Mali
1076,Canada
1077,Italy
1078,Denmark
1079,Russia
1080,United States
1081,Peru
1082,Mexico
1083,Mongolia
1084,Mexico
1085,Angola
1086,Mexico
1087,Spain
1088,Mexico
1089,France
1090,Mexico
1091,Canada
1092,Czech Republic
1093,Mauritania
1094,Egypt
1095,Bulgaria
1096,Uruguay
1097,Mexico
1098,Russia
1099,Mexico
1100,Chile
1101,Angola
1102,United Kingdom
1103,Mexico
1104,Mexico
1105,Japan
1106,Mexico
1107,Greece
1109,Russian Federation
1110,Nigeria
1111,Angola
1112,Mexico
1113,Angola
1114,Mexico
1115,Mexico
1116,Nigeria
1117,Russia
1118,United Kingdom
1119,United States
1120,Honduras
1121,Mexico
1122,Ivory Coast
1123,Mexico
1124,Russia
1125,Norway
1126,Japan
1127,Russia
1128,Mexico
1129,Mexico
1130,United Kingdom
1131,Libya
1132,Canada
1133,Mexico
1134,Italy
1135,Mexico
1136,Russia
1137,Italy
1138,Bangladesh
1139,Burundi
1140,Mexico
1141,Spain
1142,Mexico
1143,Australia
1144,Mexico
1145,United States
1146,Egypt
1147,United Arab Emirates
1148,United Kingdom
1149,Mexico
1150,Pakistan
1151,Mexico
1152,Mexico
1153,Mexico
1154,Mexico
1155,United States
1156,Indonesia
1157,Mexico
1158,Mexico
1159,Mexico
1160,Mexico
1161,Uruguay
1162,Australia
1163,Canada
1164,United States
1165,Canada
1166,Kenya
1167,Mexico
1168,Angola
1169,Kazakhstan
1170,United States
1171,Benin
1172,Mexico
1173,France
1174,Canada
1175,Aruba
1176,Netherlands
1177,Mexico
1178,Russia
1179,United States
1180,Angola
1181,Mexico
1182,Mexico
1183,Mexico
1184,Spain
1185,Italy
1186,Russia
1187,Mauritania
1188,Ireland
1189,Mexico
1190,Australia
1191,France
1192,Mexico
1193,Swaziland
1194,Mexico
1195,Dominican Republic
1196,United Kingdom
1197,France
1198,Russian Federation
1199,Spain
1200,Philippines
1201,Mexico
1202,Ivory Coast
1203,France
1204,New Zealand
1205,Sierra Leone
1206,Sri Lanka
1207,France
1208,Mauritania
1209,Armenia
1210,Armenia
1211,Armenia
1212,Bulgaria
1213,Sierra Leone
1214,Ecuador
1215,United States
1216,Armenia
1217,Bolivia
1218,Mexico
1219,Venezuela
1220,Israel
1221,Dominican Republic
1222,Italy
1223,Mexico
1224,Colombia
1225,Ecuador
1226,Mexico
1227,Mexico
1228,Romania
1229,Mexico
1230,Republic of the Congo
1231,Bolivia
1232,Portugal
1233,France
1234,Kazakhstan
1235,France
1236,Mexico
1237,Ukraine
1238,Sierra Leone
1239,Turkey
1240,Portugal
1241,Armenia
1242,Rwanda
1243,Ecuador
1244,United Kingdom
1245,Mexico
1246,Canada
1247,Australia
1248,Zambia
1249,Mexico
1250,United States
1251,Mexico
1252,Nigeria
1253,United States
1254,Dominican Republic
1255,Mexico
1256,Mexico
1257,Mexico
1258,Nigeria
1259,Nicaragua
1260,United Kingdom
1261,Mexico
1262,Mexico
1263,United States
1264,Canada
1265,Mexico
1266,Zimbabwe
1267,Mexico
1268,Mauritania
1269,Guinea-Bissau
1270,Canada
1271,Macedonia
1272,Mexico
1273,Thailand
1274,South Africa
1275,Libya
1276,New Zealand
1277,Mexico
1278,Sierra Leone
1279,Canada
1280,South Africa
1281,United States
1282,United States
1283,Mexico
1284,New Zealand
1285,Slovakia
1286,Canada
1287,Russia
1288,South Africa
1289,Mexico
1290,Mexico
1291,Mexico
1292,Mexico
1293,Turks and Caicos Islands
1294,Colombia
1295,United States
1296,United Kingdom
1297,United States
1298,Mexico
1299,Netherlands
1300,Mexico
1301,France
1302,Mexico
1303,Mexico
1304,Mexico
1305,Mexico
1306,Mexico
1307,Serbia
1308,Papua New Guinea
1309,Mexico
1310,Angola
1311,France
1312,Chad
1313,Mexico
1314,Mexico
1315,United States
1316,United States
1317,Canada
1318,Japan
1319,Mexico
1320,United States
1321,Kiribati
1322,Uzbekistan
1323,Mexico
1324,Mexico
1325,Mexico
1326,Austria
1327,Mexico
1328,Zimbabwe
1329,Ghana
1330,Ukraine
1331,Kazakhstan
1332,Ukraine
1333,United States
1334,Ukraine
1335,Italy
1336,Mexico
1337,Spain
1338,Ecuador
1339,United States
1340,Russia
1341,United Kingdom
1342,Bulgaria
1343,Bahrain
1344,United Kingdom
1345,United Kingdom
1346,Belgium
1347,United States
1348,United States
1349,United Kingdom
1350,Canada
1351,United Kingdom
1352,Canada
1353,Guinea-Bissau
1354,Bangladesh
1355,United Kingdom
1356,Russia
1357,Cambodia
1358,Austria
1359,Bangladesh
1360,Iceland
1361,Kazakhstan
1362,Spain
1363,Kenya
1364,Austria
1365,United Kingdom
1366,United Kingdom
1367,United Kingdom
1368,United Kingdom
1369,Ukraine
1370,India
1371,Bosnia and Herzegovina
1372,Guinea-Bissau
1373,Belgium
1374,Sudan
1375,Bangladesh
1376,Russia
1377,United States
1378,Spain
1379,Denmark
1380,Kazakhstan
1381,Brazil
1382,United States
1383,Sweden
1384,Canada
1385,Canada
1386,Burkina Faso
1387,Sweden
1388,Bahrain
1389,Bulgaria
1390,S
1391,Kyrgyzstan
1392,Benin
1393,Russia
1394,Bangladesh
1395,Norway
1396,Nepal
1397,Afghanistan
1398,United Kingdom
1399,Nigeria
1400,Pakistan
1401,Switzerland
1402,United States
1403,Bahamas
1404,Netherlands
1405,Brazil
1406,
1407,United Kingdom
1408,Turkey
1409,Germany
1410,United States
1411,United Kingdom
1412,Denmark
1413,United States
1414,United States
1415,United Kingdom
1416,Mexico
1417,Latvia
1418,United States
1419,United States
1420,Finland
1421,United States
1422,Thailand
1423,Ukraine
1424,Sudan
1425,Belarus
1426,France
1427,Finland
1428,Belgium
1429,United States
1430,Spain
1431,Russia
1432,Armenia
1433,Indonesia
1434,Canada
1435,United States
1436,Nigeria
1437,United Kingdom
1438,United Kingdom
1439,United Kingdom
1440,Indonesia
1441,United Kingdom
1442,United States
1443,Bangladesh
1444,United States
1445,United Kingdom
1446,Germany
1447,Mexico
1448,United Kingdom
1449,Libya
1450,United Kingdom
1451,Ethiopia
1452,Canada
1453,United States
1454,Sudan
1455,Mauritania
1456,United Kingdom
1457,Macedonia
1458,Uganda
1459,United States
1460,Canada
1461,United Kingdom
1462,Indonesia
1463,Italy
1464,Kazakhstan
1465,Germany
1466,Hungary
1467,United Kingdom
1468,Colombia
1469,Brazil
1470,Canada
1471,Ukraine
1472,United States
1473,Russia
1474,United States
1475,Netherlands
1476,Brazil
1477,United Kingdom
1478,Belarus
1479,Democratic Republic of the Congo
1480,Bulgaria
1481,United States
1482,United States
1483,Kazakhstan
1484,Kyrgyzstan
1485,Mexico
1486,Brazil
1487,United Kingdom
1488,Lebanon
1489,Guinea-Bissau
1490,Turkey
1491,Czech Republic
1492,United States
1493,Russia
1494,Latvia
1495,Ukraine
1496,United States
1497,Kyrgyzstan
1498,United States
1499,Ukraine
1500,Indonesia
1501,Bulgaria
1502,Democratic Republic of the Congo
1503,Russia
1504,United Kingdom
1505,United States
1506,Bulgaria
1507,United States
1508,Malaysia
1509,
1510,Germany
1511,Suriname
1512,United Kingdom
1513,Bahrain
1514,Canada
1515,Belgium
1516,
1517,United States
1518,United States
1519,Russia
1520,Lebanon
1521,Indonesia
1522,Germany
1523,France
1524,United Kingdom
1525,Austria
1526,Spain
1527,United Kingdom
1528,United Kingdom
1529,United States
1530,United States
1531,Belgium
1532,United States
1533,Italy
1534,Brazil
1535,Canada
1536,Russia
1537,Thailand
1538,Norway
1539,Spain
1540,Iran
1541,Kazakhstan
1542,Romania
1543,United Kingdom
1544,Albania
1545,Norway
1546,Benin
1547,United States
1548,Bulgaria
1549,Brazil
1550,Sweden
1551,Belgium
1552,Nigeria
1553,Sweden
1554,South Africa
1555,Kazakhstan
1556,United States
1557,United Kingdom
1558,United States
1559,United Kingdom
1560,United Kingdom
1561,Sweden
1562,United Kingdom
1563,United Kingdom
1564,Canada
1565,United Kingdom
1566,United States
1567,Sweden
1568,United Kingdom
1569,United Kingdom
1570,United States
1571,France
1572,United Kingdom
1573,Kenya
1574,Syrian Arab Republic
1575,Spain
1576,United States
1577,United States
1578,AIR-MAUR
1579,Ukraine
1580,Italy
1581,Israel
1582,United Kingdom
1583,Argentina
1584,Germany
1585,Ecuador
1586,Denmark
1587,Australia
1588,Netherlands
1589,Norway
1590,Ivory Coast
1591,United States
1592,Mauritania
1593,France
1594,Mexico
1595,Namibia
1596,Mexico
1597,United States
1598,United Kingdom
1599,Ghana
1600,United Kingdom
1601,Cape Verde
1602,United Kingdom
1603,Egypt
1604,Sao Tome and Principe
1605,United States
1606,United States
1607,Spain
1608,Canada
1609,United States
1610,Cambodia
1611,Cameroon
1612,Spain
1613,Canada
1614,Canada
1615,Canada
1616,Canada
1617,Canada
1618,Canada
1619,Canada
1620,Canada
1621,Canada
1622,Canada
1623,Canada
1624,Canada
1625,Canada
1626,Canada
1627,China
1628,Mexico
1629,United States
1630,Australia
1631,United States
1632,United States
1633,United States
1634,Kenya
1635,Nigeria
1636,United States
1637,United States
1638,United Kingdom
1639,United States
1640,United States
1641,Mauritania
1642,United Kingdom
1643,United States
1644,Namibia
1645,Philippines
1646,Australia
1647,Dominican Republic
1648,Mexico
1649,United States
1650,Mauritania
1651,Ivory Coast
1652,Barbados
1653,Panama
1654,Italy
1655,Canada
1656,Luxembourg
1657,Oman
1658,Antigua and Barbuda
1659,Barbados
1660,Dominican Republic
1661,Barbados
1662,Netherlands
1663,Trinidad and Tobago
1664,Barbados
1665,United States
1666,Antigua and Barbuda
1667,Haiti
1668,United Kingdom
1669,Romania
1670,Chile
1671,United States
1672,United States
1673,United States
1674,United States
1675,Iran
1676,United States
1677,Switzerland
1678,United States
1679,France
1680,Hong Kong SAR of China
1681,Nigeria
1682,Cayman Islands
1683,Philippines
1684,United Kingdom
1685,United Kingdom
1686,United Kingdom
1687,United Kingdom
1688,Serbia
1689,France
1690,United States
1691,Canada
1692,Spain
1693,Russia
1694,Central African Republic
1695,Democratic Republic of Congo
1696,United States
1697,Sierra Leone
1698,Nicaragua
1699,United States
1700,Czech Republic
1701,Mexico
1702,Czech Republic
1703,United States
1704,Mongolia
1705,Canada
1706,Australia
1707,United States
1708,Poland
1709,United States
1710,Russia
1711,Russia
1712,Mexico
1713,Spain
1714,United States
1715,Mexico
1716,Canada
1717,United States
1718,Democratic Republic of the Congo
1719,Iran
1720,France
1721,United States
1722,Germany
1723,Australia
1724,United States
1725,Ukraine
1726,France
1727,United States
1728,Nigeria
1729,China
1730,United States
1731,United States
1732,United States
1733,Chad
1734,South Africa
1735,United States
1736,United States
1737,Austria
1738,Canada
1739,United States
1740,Russia
1741,Pakistan
1742,Russia
1743,Russia
1744,United States
1745,United States
1746,United States
1747,United States
1748,United States
1749,United States
1750,United States
1751,South Africa
1752,Mexico
1753,Canada
1754,Canada
1755,Israel
1756,Taiwan
1757,China
1758,China
1759,China
1760,China
1761,China
1762,China
1763,China
1764,China
1765,China
1766,China
1767,China
1768,China
1769,China
1770,China
1771,China
1772,Mauritania
1773,United States
1774,United States
1775,Russia
1776,United States
1777,Austria
1778,United States
1779,United States
1780,Peru
1781,Denmark
1782,Chile
1783,United States
1784,Germany
1785,Lebanon
1786,United States
1787,United States
1788,China
1789,Sweden
1790,Burundi
1791,United States
1792,Ireland
1793,United Kingdom
1794,Italy
1795,United Kingdom
1796,Hungary
1797,United States
1798,South Africa
1799,United States
1800,Taiwan
1801,Slovakia
1802,New Zealand
1803,Czech Republic
1804,United Kingdom
1805,United States
1806,United Kingdom
1807,United States
1808,Kyrgyzstan
1809,South Africa
1810,United Kingdom
1811,United Kingdom
1812,Italy
1813,Norway
1814,United States
1815,United States
1816,United States
1817,Tanzania
1818,United States
1819,Ecuador
1820,United States
1821,United States
1822,Canada
1823,United States
1824,Canada
1825,United States
1826,United States
1827,United States
1828,United States
1829,South Africa
1830,United Kingdom
1831,Venezuela
1832,Mexico
1833,Nigeria
1834,Germany
1835,Switzerland
1836,United Kingdom
1837,France
1838,Canada
1839,Mexico
1840,Canada
1841,Australia
1842,United States
1843,United States
1844,Comoros
1845,Italy
1846,Mali
1847,Mauritania
1848,Guinea
1849,Spain
1850,Spain
1851,ASUR
1852,Spain
1853,Mexico
1854,Spain
1855,Mexico
1856,Mexico
1857,Spain
1858,Spain
1859,Denmark
1860,United States
1861,United Kingdom
1862,United States
1863,United States
1864,Canada
1865,Ukraine
1866,United States
1867,Germany
1868,Germany
1869,Canada
1870,Bahamas
1871,United States
1872,Canada
1873,Canada
1874,United States
1875,United States
1876,Mexico
1877,Venezuela
1878,Ukraine
1879,Germany
1880,United States
1881,United States
1882,Russia
1883,United States
1884,United States
1885,United States
1886,Venezuela
1887,United States
1888,United Kingdom
1889,Panama
1890,Denmark
1891,United States
1892,Finland
1893,Sudan
1894,Turkey
1895,Colombia
1896,Canada
1897,Mexico
1898,Mexico
1899,Paraguay
1900,United States
1901,United States
1902,United States
1903,Canada
1904,United States
1905,United States
1906,United States
1907,United States
1908,France
1909,France
1910,Nepal
1911,Canada
1912,United Kingdom
1913,Australia
1914,Kyrgyzstan
1915,United States
1916,South Africa
1917,Canada
1918,Netherlands
1919,United Kingdom
1920,United Kingdom
1921,Canada
1922,Mexico
1923,United Kingdom
1924,Ukraine
1925,Croatia
1926,Croatia
1927,United Kingdom
1928,Switzerland
1929,United States
1930,United States
1931,United States
1932,Canada
1933,Brazil
1934,United States
1935,United States
1936,Cuba
1937,United States
1938,United States
1939,Spain
1940,Cyprus
1941,Canada
1942,Cyprus
1943,Turkey
1944,Czech Republic
1945,Czech Republic
1946,Czech Republic
1947,Czech Republic
1948,United States
1949,United States
1950,Chile
1951,United Kingdom
1952,Uganda
1953,Democratic Republic of the Congo
1954,Denmark
1955,United Kingdom
1956,United Kingdom
1957,Ukraine
1958,Kazakhstan
1959,Mexico
1960,Panama
1961,United Kingdom
1962,South Africa
1963,Bahrain
1964,Guatemala
1965,United States
1966,Djibouti
1967,Russia
1968,Democratic Republic of Congo
1969,Germany
1970,United States
1971,Kazakhstan
1972,Nigeria
1973,Russia
1974,United States
1975,Syrian Arab Republic
1976,United States
1977,Denmark
1978,Denmark
1979,Denmark
1980,Denmark
1981,Lithuania
1982,France
1983,Switzerland
1984,Uganda
1985,United States
1986,United Kingdom
1987,Switzerland
1988,France
1989,United States
1990,France
1991,Sudan
1992,United States
1993,Germany
1994,United Kingdom
1995,United States
1996,United States
1997,Sri Lanka
1998,Canada
1999,Austria
2000,United States
2001,India
2002,Sri Lanka
2003,China
2004,United States
2005,United States
2006,Italy
2007,Canada
2008,United States
2009,United States
2010,United Kingdom
2011,Ukraine
2012,United States
2013,Netherlands
2014,United States
2015,United States
2016,Spain
2017,Indonesia
2018,Mauritania
2019,Mexico
2020,Sierra Leone
2021,Germany
2022,Germany
2023,Germany
2024,Serbia
2025,United States
2026,Chile
2027,United States
2028,Argentina
2029,United Kingdom
2030,Spain
2031,United States
2032,United States
2033,United Kingdom
2034,Poland
2035,Indonesia
2036,United States
2037,United States
2038,United States
2039,Germany
2040,United States
2041,Djibouti
2042,Ukraine
2043,United Arab Emirates
2044,United States
2045,Canada
2046,Spain
2047,Dominican Republic
2048,Russia
2049,Kazakhstan
2050,United Kingdom
2051,Ukraine
2052,Dominican Republic
2053,Germany
2054,Nigeria
2055,Dominican Republic
2056,DRAGON
2057,United Kingdom
2058,Bhutan
2059,United States
2060,United Arab Emirates
2061,Croatia
2062,Luxembourg
2063,United Kingdom
2064,United Kingdom
2065,Mauritania
2066,United States
2067,Turkey
2068,United Kingdom
2069,Mexico
2070,Netherlands Antilles
2071,Netherlands Antilles
2072,Netherlands
2073,United States
2074,United States
2075,Canada
2076,Netherlands
2077,Germany
2078,United States
2079,Switzerland
2080,
2081,Portugal
2082,Nigeria
2083,Angola
2084,Germany
2085,Germany
2086,Germany
2087,France
2088,Italy
2089,Ireland
2090,Ireland
2091,Taiwan
2092,United States
2093,Sierra Leone
2094,Uganda
2095,Thailand
2096,Iceland
2097,Uganda
2098,United Kingdom
2099,France
2100,Senegal
2101,United States
2102,United States
2103,Nigeria
2104,Uganda
2105,Kenya
2106,Kenya
2107,Macao
2108,South Africa
2109,United States
2110,United States
2111,United States
2112,United Kingdom
2113,China
2114,Australia
2115,Zambia
2116,United Kingdom
2117,United Kingdom
2118,Australia
2119,United States
2120,United Kingdom
2121,Kazakhstan
2122,United States
2123,Canada
2124,United Arab Emirates
2125,Australia
2126,United States
2127,Nigeria
2128,United States
2129,United States
2130,Nigeria
2131,Algeria
2132,Angola
2133,Mexico
2134,Mexico
2135,Equatorial Guinea
2136,Equatorial Guinea
2137,Ecuador
2138,Switzerland
2139,United States
2140,United Kingdom
2141,United States
2142,Indonesia
2143,Egypt
2144,Egypt
2145,Egypt
2146,Egypt
2147,Egypt
2148,Ireland
2149,Ireland
2150,Israel
2151,Mexico
2152,Sudan
2153,El Salvador
2154,Venezuela
2155,Libya
2156,United States
2157,Germany
2158,Russia
2159,Sudan
2160,Italy
2161,Italy
2162,Italy
2163,Italy
2164,Italy
2165,Italy
2166,Italy
2167,Italy
2168,Italy
2169,Sudan
2170,Togo
2171,United Arab Emirates
2172,Italy
2173,United States
2174,Sudan
2175,Israel
2176,Nigeria
2177,United States
2178,Brazil
2179,United States
2180,United Kingdom
2181,United States
2182,Ecuador
2183,United Arab Emirates
2184,South Africa
2185,United States
2186,United States
2187,Nigeria
2188,United Kingdom
2189,UNIFORM OSCAR
2190,Chile
2191,Cuba
2192,Uruguay
2193,Ecuador
2194,Cuba
2195,Venezuela
2196,Cuba
2197,Brazil
2198,Ecuador
2199,Estonia
2200,Russia]]
2201,Chile
2202,Mexico
2203,United States
2204,Democratic Republic of the Congo
2205,United States
2206,Republic of the Congo
2207,Zambia
2208,Equatorial Guinea
2209,United States
2210,Iran
2211,Portugal
2212,United States
2213,Eritrea
2214,Spain
2215,Democratic Republic of the Congo
2216,Canada
2217,Mexico
2218,Estonia
2219,Mexico
2220,Ethiopia
2221,Italy
2222,United Arab Emirates
2223,Angola
2224,Italy
2225,Spain
2226,Sweden
2227,Turkey
2228,Kazakhstan
2229,Kazakhstan
2230,Portugal
2231,United Kingdom
2232,Greece
2233,Uruguay
2234,United Kingdom
2235,Belgium
2236,France
2237,Cyprus
2238,Italy
2239,Italy
2240,Equatorial Guinea
2241,Italy
2242,Malta
2243,Romania
2244,Czech Republic
2245,Poland
2246,Austria
2247,France
2248,France
2249,Malta
2250,United Kingdom
2251,Germany
2252,Belgium
2253,United Kingdom
2254,United Kingdom
2255,Croatia
2256,United Kingdom
2257,Sweden
2258,Bulgaria
2259,United Kingdom
2260,Germany
2261,United States
2262,United States
2263,United Kingdom
2264,United Kingdom
2265,United Kingdom
2266,Germany
2267,Canada
2268,Switzerland
2269,United Arab Emirates
2270,Denmark
2271,South Africa
2272,Zimbabwe
2273,United States
2274,United States
2275,Ireland
2276,United Kingdom
2277,United States
2278,Spain
2279,United Kingdom
2280,United States
2281,Canada
2282,United Kingdom
2283,United States
2284,South Africa
2285,Mexico
2286,Poland
2287,Mexico
2288,Sri Lanka
2289,United States
2290,S
2291,United States
2292,United States
2293,United States
2294,Canada
2295,United States
2296,Ireland
2297,United Kingdom
2298,United States
2299,United States
2300,Germany
2301,United States
2302,Germany
2303,United States
2304,France
2305,Germany
2306,United Kingdom
2307,Germany
2308,Germany
2309,Kyrgyzstan
2310,Mexico
2311,South Africa
2312,United Arab Emirates
2313,Netherlands
2314,United Kingdom
2315,United States
2316,Sweden
2317,Slovenia
2318,United States
2319,Nigeria
2320,Sweden
2321,United Arab Emirates
2322,United Kingdom
2323,United States
2324,Taiwan
2325,United States
2326,Hungary
2327,Netherlands
2328,Switzerland
2329,Sudan
2330,Denmark
2331,Faroe Islands
2332,United States
2333,Burkina Faso
2334,United Kingdom
2335,Nigeria
2336,United States
2337,South Africa
2338,Sweden
2339,Germany
2340,United States
2341,United States
2342,United States
2343,Kazakhstan
2344,Spain
2345,Uganda
2346,Republic of the Congo
2347,United States
2348,United States
2349,France
2350,Finland
2351,Finland
2352,Finland
2353,Malaysia
2354,Canada
2355,Japan
2356,Cambodia
2357,United Kingdom
2358,United Kingdom
2359,United States
2360,Sierra Leone
2361,Mexico
2362,Czech Republic
2363,Poland
2364,United States
2365,Canada
2366,United States
2367,United States
2368,Kazakhstan
2369,Egypt
2370,United Kingdom
2371,South Africa
2372,Netherlands
2373,Denmark
2374,United States
2375,Germany
2376,Canada
2377,New Zealand
2378,Poland
2379,United States
2380,China
2381,Russia
2382,United States
2383,United States
2384,United States
2385,United States
2386,United Kingdom
2387,United Kingdom
2388,Sweden
2389,United States
2390,Spain
2391,Australia
2392,Canada
2393,United States
2394,Canada
2395,United Kingdom
2396,United Kingdom
2397,United States
2398,United States
2399,United States
2400,United States
2401,United States
2402,United States
2403,United States
2404,United States
2405,Germany
2406,Switzerland
2407,Switzerland
2408,Austria
2409,Turkey
2410,United Kingdom
2411,United Kingdom
2412,Sweden
2413,Tunisia
2414,Spain
2415,Sweden
2416,Italy
2417,Malaysia
2418,Lithuania
2419,Sweden
2420,Switzerland
2421,United Kingdom
2422,Spain
2423,Slovenia
2424,Sweden
2425,United Kingdom
2426,Sweden
2427,Sweden
2428,Sweden
2429,Thailand
2430,Lebanon
2431,Belgium
2432,Russia
2433,Spain
2434,United Kingdom
2435,United States
2436,Netherlands
2437,Norway
2438,United Kingdom
2439,Taiwan
2440,United Kingdom
2441,United Kingdom
2442,Canada
2443,United States
2444,United States
2445,United Kingdom
2446,Spain
2447,Antigua and Barbuda
2448,United States
2449,United States
2450,Italy
2451,France
2452,Turkey
2453,New Zealand
2454,United States
2455,Nigeria
2456,United States
2457,Cyprus
2458,Netherlands
2459,United States
2460,France
2461,France
2462,France
2463,Nigeria
2464,United Kingdom
2465,United States
2466,Uganda
2467,Australia
2468,United States
2469,United States
2470,United States
2471,Finland
2472,United Arab Emirates
2473,China
2474,United States
2475,Spain
2476,Thailand
2477,Spain
2478,Democratic Republic of the Congo
2479,Ireland
2480,Spain
2481,South Africa
2482,Germany
2483,United States
2484,Mexico
2485,United States
2486,United Kingdom
2487,United States
2488,United Kingdom
2489,Ireland
2490,Brazil
2491,Equatorial Guinea
2492,Australia
2493,United Kingdom
2494,Latvia
2495,United States
2496,Mexico
2497,Guinea
2498,Kazakhstan
2499,United States
2500,France
2501,Gabon
2502,Gabon
2503,Mexico
2504,United States
2505,Greece
2506,United Kingdom
2507,Ukraine
2508,Kyrgyzstan
2509,Japan
2510,United States
2511,United States
2512,United Kingdom
2513,Gambia
2514,Gambia
2515,Spain
2516,Italy
2517,Canada
2518,United States
2519,Canada
2520,Indonesia
2521,Indonesia
2522,South Africa
2523,Spain
2524,Russia
2525,Canada
2526,United States
2527,Canada
2528,Belgium
2529,France
2530,Canada
2531,South Africa
2532,Poland
2533,United States
2534,Canada
2535,United States
2536,Belarus
2537,Canada
2538,Georgia
2539,Georgia
2540,Senegal
2541,Georgia
2542,Germany
2543,Germany
2544,Germany
2545,Germany
2546,Germany
2547,Germany
2548,Germany
2549,Pakistan
2550,Germany
2551,Spain
2552,Chile
2553,Spain
2554,Libya
2555,Ghana
2556,Ghana
2557,United States
2558,United States
2559,Comoros
2560,Nigeria
2561,Bahrain
2562,Democratic Republic of Congo
2563,South Africa
2564,Libya
2565,Georgia
2566,Austria
2567,United States
2568,Luxembourg
2569,United States
2570,United Kingdom
2571,United States
2572,United States
2573,Japan
2574,Lebanon
2575,India
2576,United Kingdom
2577,United States
2578,Equatorial Guinea
2579,Mexico
2580,Switzerland
2581,Brazil
2582,Canada
2583,United Kingdom
2584,Austria
2585,Sweden
2586,United States
2587,United States
2588,Kyrgyzstan
2589,Sudan
2590,Australia
2591,Canada
2592,Sao Tome and Principe
2593,Belarus
2594,United Kingdom
2595,Nepal
2596,Ukraine
2597,Hong Kong SAR of China
2598,Zambia
2599,United Kingdom
2600,Spain
2601,United States
2602,United States
2603,United States
2604,United States
2605,United Kingdom
2606,United States
2607,United States
2608,Uganda
2609,United States
2610,China
2611,United States
2612,Greece
2613,Greece
2614,Cyprus
2615,Moldova
2616,Russia
2617,Austria
2618,Czech Republic
2619,Mexico
2620,Spain
2621,Mexico
2622,Costa Rica
2623,Spain
2624,Mexico
2625,Norway
2626,Guinea-Bissau
2627,Guinea
2628,Equatorial Guinea
2629,Guinea
2630,Equatorial Guinea
2631,Guinea
2632,China
2633,Mexico
2634,India
2635,United States
2636,
2637,Oman
2638,Bahrain
2639,United States
2640,United States
2641,United States
2642,Libya
2643,United States
2644,United States
2645,United States
2646,United States
2647,Suriname
2648,Turkey
2649,
2650,United Kingdom
2651,United Kingdom
2652,United Kingdom
2653,Sweden
2654,Portugal
2656,United States
2657,United States
2658,United Kingdom
2659,Germany
2660,China
2661,China
2662,Haiti
2663,Haiti
2664,Haiti
2665,Haiti
2666,Haiti
2667,Haiti
2668,Haiti
2669,Haiti
2670,Pakistan
2671,Nigeria
2672,Sudan
2673,Guinea-Bissau
2674,Germany
2675,United Kingdom
2676,United Arab Emirates
2677,United States
2678,United Kingdom
2679,Mongolia
2680,Republic of Korea
2681,Germany
2682,Germany
2683,United States
2684,Canada
2685,United Kingdom
2686,United Kingdom
2687,Nigeria
2688,United States
2689,United States
2690,Argentina
2691,Mexico
2692,Canada
2693,United States
2694,Australia
2695,Australia
2696,United Arab Emirates
2697,Spain
2698,Barbados
2699,Saint Lucia
2700,Denmark
2701,Bulgaria
2702,Austria
2703,Switzerland
2704,France
2705,Hungary
2706,Mexico
2707,France
2708,Mexico
2709,France
2710,Monaco
2711,Netherlands
2712,Spain
2713,Spain
2714,France
2715,Switzerland
2716,Mexico
2717,Portugal
2718,United Kingdom
2719,Portugal
2720,France
2721,United Kingdom
2722,Colombia
2723,Czech Republic
2724,United Kingdom
2725,United Kingdom
2726,Mexico
2727,Chile
2728,Mexico
2729,Mexico
2730,Spain
2731,Canada
2732,Norway
2733,Sweden
2734,France
2735,Cyprus
2736,Spain
2737,Portugal
2738,Mexico
2739,Portugal
2740,Switzerland
2741,Mexico
2742,Italy
2743,Mexico
2744,Norway
2745,United States
2746,Chile
2747,Greece
2748,Switzerland
2749,Switzerland
2750,Switzerland
2751,Bulgaria
2752,Australia
2753,United States
2754,United States
2755,United Kingdom
2756,Democratic Republic of the Congo
2757,France
2758,Suriname
2759,Portugal
2760,Canada
2761,United Kingdom
2762,Dominican Republic
2763,United States
2764,Japan
2765,Japan
2766,Japan
2767,Spain
2768,Mexico
2769,United States
2770,Germany
2771,Luxembourg
2772,Honduras
2773,Hong Kong SAR of China
2774,Hong Kong SAR of China
2775,Solomon Islands
2776,United States
2777,Canada
2778,United States
2779,United States
2780,Libya
2781,Switzerland
2782,Australia
2783,Bangladesh
2784,United States
2785,Mexico
2786,Mexico
2787,United States
2788,Austria
2789,Kazakhstan
2790,United States
2791,United States
2792,United States
2793,United States
2794,Hungary
2795,Hungary
2796,Canada
2797,South Africa
2798,Canada
2799,France
2800,Belgium
2801,United States
2802,Mauritius
2803,Switzerland
2804,
2805,Ukraine
2806,Canada
2807,Czech Republic
2808,United States
2809,United Kingdom
2810,Austria
2811,Japan
2812,Germany
2813,Canada
2814,Canada
2815,Japan
2816,Australia
2817,United Kingdom
2818,Nigeria
2819,Ukraine
2820,United States
2821,Russia
2822,Spain
2823,Spain
2824,Spain
2825,Spain
2826,Japan
2827,Spain
2828,Sudan
2829,Bosnia and Herzegovina
2830,France
2831,Ecuador
2832,Italy
2833,Italy
2834,Iceland
2835,Iceland
2836,Iceland
2837,Denmark
2838,Italy
2839,Russia
2840,Mexico
2841,United States
2842,Aruba
2843,Ukraine
2844,Portugal
2845,Azerbaijan
2846,United States
2847,Cambodia
2848,United States
2849,Australia
2850,India
2851,India
2852,India
2853,India
2854,Hungary
2855,United States
2856,Indonesia
2857,Indonesia
2858,Indonesia
2859,Indonesia
2860,Spain
2861,Spain
2862,United Kingdom
2863,Canada
2864,Netherlands Antilles
2865,Spain
2866,Canada
2867,Kyrgyzstan
2868,United Kingdom
2869,Colombia
2870,South Africa
2871,Bulgaria
2872,Turkey
2873,Cape Verde
2874,Central African Republic
2875,Sierra Leone
2876,United States
2877,Canada
2878,United States
2879,United States
2880,United States
2881,South Africa
2882,Mexico
2883,Russia
2884,Ukraine
2885,Colombia
2886,Spain
2887,United Kingdom
2888,United Kingdom
2889,Italy
2890,Sudan
2891,Nigeria
2892,Philippines
2893,Turks and Caicos Islands
2894,Italy
2895,Greece
2896,South Africa
2897,Egypt
2898,United States
2899,United States
2900,Liberia
2901,Sweden
2902,United States
2903,Mexico
2904,United States
2905,Switzerland
2906,ALDAWLYH AIR
2907,United States
2908,United States
2909,United States
2910,Namibia
2911,United Kingdom
2912,Canada
2913,Nigeria
2914,United States
2915,Bulgaria
2916,Austria
2917,Netherlands
2918,Mexico
2919,Latvia
2920,Ireland
2921,United States
2922,Iran
2923,Iran
2924,Iran
2925,Iran
2926,Iraq
2927,Kazakhstan
2928,Ireland
2929,Ireland
2930,Ireland
2931,Uzbekistan
2932,Canada
2933,Canada
2934,Mexico
2935,United States
2936,United States
2937,United States
2938,Philippines
2939,Maldives
2940,United Kingdom
2941,United States
2942,United Arab Emirates
2943,United States
2944,Japan
2945,United Kingdom
2946,Papua New Guinea
2947,Iceland
2948,Spain
2949,United States
2950,Honduras
2951,United Kingdom
2952,Israel
2953,Israel
2954,Israel
2955,Turkey
2956,Italy
2957,Italy
2958,Kyrgyzstan
2959,Ivory Coast
2960,Ivory Coast
2961,Ivory Coast
2962,Japan
2963,France
2964,Turkey
2965,Russia
2966,United Kingdom
2967,United States
2968,Japan
2969,Japan
2970,Japan
2971,United Kingdom
2972,Luxembourg
2973,Costa Rica
2974,United States
2975,United Kingdom
2976,Russia
2977,Pakistan
2978,Mexico
2979,Canada
2980,China
2981,Libya
2982,Democratic Republic of Congo
2983,Kazakhstan
2984,United States
2985,Japan
2986,Japan
2987,Japan
2988,Japan
2989,Japan
2990,Japan
2991,Serbia
2992,Indonesia
2993,Kuwait
2994,Republic of Korea
2995,United States
2996,United States
2997,United Kingdom
2998,Poland
2999,Russia
3000,India
3001,United States
3002,United States
3003,Switzerland
3004,United States
3005,Spain
3006,United States
3007,Switzerland
3008,Germany
3009,United States
3010,United States
3011,Germany
3012,Australia
3013,United States
3014,Israel
3015,Moldova
3016,Israel
3017,United States
3018,Mexico
3019,Mexico
3020,Poland
3021,Singapore
3022,Moldova
3023,Ghana
3024,Russia
3025,United Arab Emirates
3026,United Kingdom
3027,Morocco
3028,Swaziland
3029,United States
3030,New Zealand
3031,Ireland
3032,Belgium
3033,Canada
3034,Austria
3035,Switzerland
3036,United States
3037,Australia
3038,Lebanon
3039,Finland
3040,Austria
3041,Thailand
3042,Kenya
3043,Netherlands
3044,Spain
3045,Mexico
3046,Romania
3047,United Kingdom
3048,Mexico
3049,Spain
3050,Mexico
3051,Canada
3052,Australia
3053,Hungary
3054,United Kingdom
3055,Mexico
3056,Singapore
3057,Denmark
3058,United States
3059,United States
3060,Iceland
3061,Djibouti
3062,United Kingdom
3063,United States
3064,United States
3065,Lithuania
3066,Czech Republic
3067,United States
3068,Ghana
3069,United States
3070,Sudan
3071,Mexico
3072,ODINN
3073,Jordan
3074,Jordan
3075,Iceland
3076,Switzerland
3077,Indonesia
3078,Sudan
3079,Somali Republic
3080,United Kingdom
3081,China
3082,Sweden
3083,United States
3084,Canada
3085,Latvia
3086,Thailand
3087,Russia
3088,Netherlands
3089,Netherlands
3090,Netherlands
3091,Nigeria
3092,Tanzania
3093,United States
3094,United States
3095,United States
3096,Libya
3097,Afghanistan
3098,Cambodia
3099,Israel
3100,Israel
3101,United States
3102,Russia
3103,Tanzania
3104,Denmark
3105,Tunisia
3106,Indonesia
3107,Sudan
3108,Russia
3109,Norway
3110,Russia
3111,United States
3112,Kazakhstan
3113,Kazakhstan
3114,Russia
3115,Russia
3116,Kazakhstan
3117,Kazakhstan
3118,United Kingdom
3119,Nigeria
3120,Canada
3121,Canada
3122,Australia
3123,United States
3124,Canada
3125,Canada
3126,Kenya
3127,Kazakhstan
3128,United States
3129,United States
3130,United States
3131,Canada
3132,Algeria
3133,Ukraine
3134,Turkmenistan
3135,Iran
3136,Ukraine
3137,Ukraine
3138,Afghanistan
3139,Ukraine
3140,United Kingdom
3141,United States
3142,India
3143,Canada
3144,Canada
3145,Sweden
3146,Democratic Republic of the Congo
3147,Russia
3148,Iran
3149,United States
3150,United States
3151,United States
3152,Canada
3153,United States
3154,Nigeria
3155,Spain
3156,Nigeria
3157,Russia
3158,Netherlands
3159,Russia
3160,Russia
3161,Russia
3162,Hungary
3163,Republic of Korea
3164,Serbia
3165,Russia
3166,Serbia
3167,Czech Republic
3168,Russia
3169,Ukraine
3170,Ukraine
3171,Ukraine
3172,Russia
3173,Ukraine
3174,United Kingdom
3175,Russia
3176,China
3177,Russia
3178,Sweden
3179,Kuwait
3180,Turkey
3181,Kyrgyzstan
3182,South Africa
3183,Kyrgyzstan
3184,Kyrgyzstan
3185,Kyrgyzstan
3186,Kyrgyzstan
3187,Kyrgyzstan
3188,Kyrgyzstan
3189,Turkey
3190,United States
3191,United States
3192,Czech Republic
3193,Sweden
3194,United States
3195,United States
3196,United States
3197,Costa Rica
3198,Argentina
3199,Venezuela
3200,Chile
3201,Argentina
3202,Chile
3203,Dominican Republic
3204,Chile
3205,Peru
3206,Dominican Republic
3207,LAP
3208,S
3209,Peru
3210,Poland
3211,Spain
3212,Austria
3213,Germany
3214,United States
3215,Russia
3216,Canada
3217,Mexico
3218,United States
3219,Canada
3220,Spain
3221,United States
3222,United States
3223,United States
3224,United States
3225,Sudan
3226,Costa Rica
3227,Iceland
3228,United Kingdom
3229,Sri Lanka
3230,Spain
3231,Spain
3232,Lao Peoples Democratic Republic
3233,Lao Peoples Democratic Republic
3234,Lao Peoples Democratic Republic
3235,Philippines
3236,United States
3237,Latvia
3238,Latvia
3239,Austria
3240,Italy
3241,United States
3242,Croatia
3243,United States
3244,Malaysia
3245,United States
3246,Lebanon
3247,Lebanon
3248,United States
3250,United States
3251,Antigua and Barbuda
3252,United States
3253,United States
3254,United States
3255,South Africa
3256,Spain
3257,Libya
3258,Libya
3259,Libya
3260,Sweden
3261,Democratic Republic of the Congo
3262,Chad
3263,Mauritania
3264,Republic of the Congo
3265,United States
3266,Australia
3267,United States
3268,Chile
3269,Mexico
3270,Chile
3271,Chile
3272,Venezuela
3273,Chile
3274,Venezuela
3275,Spain
3276,Mexico
3277,Bolivia
3278,Mexico
3279,Mexico
3280,Colombia
3281,Argentina
3282,Mexico
3283,Mexico
3284,Mexico
3285,Central African Republic
3286,S
3287,Mozambique
3288,Australia
3289,United Kingdom
3290,Indonesia
3291,Switzerland
3292,Lithuania
3293,Canada
3294,Italy
3295,Bolivia
3296,Spain
3297,United States
3298,United States
3299,United States
3300,United States
3301,United States
3302,United Kingdom
3303,Czech Republic
3304,United Kingdom
3305,United Kingdom
3306,United Kingdom
3307,United Kingdom
3308,United Kingdom
3309,United States
3310,United States
3311,Bermuda
3312,France
3313,Chile
3314,Egypt
3315,Netherlands
3316,China
3317,South Africa
3318,Austria
3319,Germany
3320,Germany
3321,Germany
3322,Germany
3323,Germany
3324,Germany
3325,Germany
3326,Norway
3327,Ukraine
3328,Sweden
3329,Luxembourg
3330,Luxembourg
3331,Luxembourg
3332,Luxembourg
3333,Egypt
3334,Portugal
3335,Ukraine
3336,United Kingdom
3337,United States
3338,United States
3339,United States
3340,Pakistan
3342,Argentina
3343,Colombia
3344,United States
3345,Spain
3346,France
3347,Austria
3348,United Kingdom
3349,Mexico
3350,Macedonia
3351,South Africa
3352,Spain
3353,Romania
3354,Mongolia
3355,Canada
3356,Ghana
3357,Turkey
3358,Germany
3359,Mexico
3360,Spain
3361,United States
3362,Australia
3363,Australia
3364,Greece
3365,Libya
3366,Denmark
3367,Netherlands
3368,Austria
3369,United States
3370,Iran
3371,Gambia
3372,United States
3373,United States
3374,Kazakhstan
3375,Madagascar
3376,Malawi
3377,Russia
3378,Malaysia
3379,Austria
3380,Mali
3381,Mali
3382,Democratic Republic of the Congo
3383,United States
3384,Sweden
3385,Sweden
3386,Sweden
3387,Malta
3388,Malta
3389,Hungary
3390,Burundi
3391,Indonesia
3392,Taiwan
3393,South Africa
3394,United Kingdom
3395,Canada
3396,United Kingdom
3397,United States
3398,Indonesia
3399,United Kingdom
3400,Canada
3401,United Kingdom
3402,Afghanistan
3403,Nigeria
3404,United States
3405,United Kingdom
3406,Ukraine
3407,United Kingdom
3408,Sudan
3409,United States
3410,United Kingdom
3411,Netherlands
3412,United States
3413,United Kingdom
3414,United Kingdom
3415,United States
3416,United States
3417,New Zealand
3418,Serbia
3419,United States
3420,Portugal
3421,Brazil
3422,Mauritania
3423,Mauritania
3424,Mauritania
3425,Mauritania
3426,Mauritania
3427,United States
3428,Russia
3429,Kyrgyzstan
3430,El Salvador
3431,Canada
3432,Sweden
3433,United Arab Emirates
3434,United States
3435,Uzbekistan
3436,United States
3437,Belize
3438,Mexico
3439,Malawi
3440,United Kingdom
3441,United States
3442,United States
3443,United States
3444,United States
3445,Malta
3446,Zimbabwe
3447,United Kingdom
3448,Greece
3449,Egypt
3450,United States
3451,Kazakhstan
3452,Brazil
3453,Cambodia
3454,Lebanon
3456,Nigeria
3457,United States
3458,Ukraine
3459,United States
3460,Nigeria
3461,United Kingdom
3462,Ukraine
3463,Italy
3464,United States
3465,Indonesia
3466,United States
3467,United States
3468,Brazil
3469,United Kingdom
3470,United States
3471,United Kingdom
3472,United States
3473,United States
3474,Hong Kong SAR of China
3475,United Kingdom
3476,Netherlands
3477,Mexico
3478,Mexico
3479,Mexico
3480,Mexico
3481,United States
3482,United States
3483,United States
3484,Armenia
3485,France
3486,United Kingdom
3487,Sudan
3488,United States
3489,United States
3490,Lebanon
3491,United Kingdom
3492,United States
3493,United States
3494,United States
3495,United States
3496,United States
3497,United States
3498,Egypt
3499,United States
3500,United States
3501,Mexico
3502,Canada
3503,United Kingdom
3504,Nigeria
3505,United States
3506,United States
3507,Russia
3508,Egypt
3509,Central African Republic
3510,United States
3511,Zambia
3512,Italy
3513,Canada
3514,WATCHDOG
3515,Belarus
3516,Canada
3517,Kazakhstan
3518,Egypt
3519,Indonesia
3520,Spain
3521,France
3522,United States
3523,United States
3524,Italy
3525,Canada
3526,Mozambique
3527,Malaysia
3528,Moldova
3529,Moldova
3530,Moldova
3531,Kenya
3532,United Kingdom
3533,United States
3534,Italy
3535,Canada
3536,United Kingdom
3537,Mexico
3538,Mexico
3539,Montenegro
3540,Montserrat
3541,United States
3542,Canada
3543,United States
3544,United States
3545,Russia
3546,Philippines
3547,Ukraine
3548,New Zealand
3549,United States
3550,Sierra Leone
3551,United States
3552,United States
3553,United States
3554,United States
3555,Canada
3556,United States
3557,United States
3558,Somali Republic
3559,China
3560,Mexico
3561,United States
3562,
3563,Russia
3564,United States
3565,Libya
3566,Barbados
3567,Italy
3568,United Kingdom
3569,Myanmar
3570,Myanmar
3571,Iceland
3572,Denmark
3573,Ivory Coast
3574,Brazil
3575,New Zealand
3576,Angola
3577,Chad
3578,Burkina Faso
3579,Canada
3580,United Arab Emirates
3581,Namibia
3582,Namibia
3583,China
3584,United States
3585,Israel
3586,United States
3587,Angola
3588,Mali
3589,Eritrea
3590,United States
3591,S
3592,United States
3593,Indonesia
3594,United Kingdom
3595,United States
3596,Chile
3597,United States
3598,United States
3599,South Africa
3600,Cameroon
3601,South Africa
3602,Egypt
3603,Canada
3604,United States
3605,United Kingdom
3606,Australia
3607,United States
3608,Australia
3609,United States
3610,Egypt
3611,Netherlands
3612,United States
3613,South Africa
3614,Zambia
3615,United Kingdom
3616,Costa Rica
3617,South Africa
3618,Nauru
3619,Canada
3620,Czech Republic
3621,Portugal
3622,Spain
3623,Iran
3624,Mexico
3625,Armenia
3626,United States
3627,United States
3628,Canada
3629,Libya
3630,United States
3631,Nepal
3632,Netherlands
3633,Russia
3634,Canada
3635,South Africa
3636,New Zealand
3637,Nepal
3638,Italy
3639,Thailand
3640,United Kingdom
3641,United States
3642,Nigeria
3643,United States
3644,United States
3645,South Africa
3646,United States
3647,United States
3648,United States
3649,New Zealand
3650,United States
3651,Canada
3652,Sweden
3653,United States
3654,Nigeria
3655,Nicaragua
3656,Nigeria
3657,Nigeria
3658,Nigeria
3659,Nigeria
3660,Germany
3661,Austria
3662,Ukraine
3663,Sudan
3664,Egypt
3665,Sudan
3666,United Kingdom
3667,Japan
3668,Russia
3669,United Kingdom
3670,United Kingdom
3671,United Kingdom
3672,United Kingdom
3673,Moldova
3674,Thailand
3675,Canada
3676,Namibia
3677,Norway
3678,Sweden
3679,Brazil
3680,Sweden
3681,Lithuania
3682,Australia
3683,Spain
3684,United Kingdom
3685,Canada
3686,Sweden
3687,South Africa
3688,Norway
3689,Norway
3690,Norway
3691,Portugal
3692,Croatia
3693,Canada
3694,Canada
3695,United States
3696,United States
3697,Norway
3698,United Kingdom
3699,Canada
3700,Canada
3701,Papua New Guinea
3702,Denmark
3703,Netherlands
3704,United States
3705,Canada
3706,Australia
3707,Canada
3708,Nigeria
3709,Russia
3710,Canada
3711,Libya
3712,United States
3713,United Kingdom
3714,United States
3715,United States
3716,United States
3717,United States
3718,China
3719,United States
3720,Thailand
3721,Canada
3722,United Kingdom
3723,United States
3724,United States
3725,Canada
3726,United States
3727,United States
3728,United Kingdom
3729,Canada
3730,United States
3731,United States
3732,Australia
3733,Canada
3734,Canada
3735,Canada
3736,Canada
3737,Norway
3738,Norway
3739,United States
3740,Tunisia
3741,Sudan
3742,Canada
3743,Sweden
3744,Russia
3745,Russia
3746,Russia
3747,Russia
3748,Israel
3749,Peru
3750,Mexico
3751,Canada
3752,Indonesia
3753,Malawi
3754,Saudi Arabia
3755,France
3756,Australia
3757,United Kingdom
3758,United States
3759,Hong Kong
3760,Mauritania
3761,Italy
3762,United Kingdom
3763,United States
3764,Brazil
3765,Guinea
3766,Ukraine
3767,Canada
3768,Switzerland
3769,Gabon
3770,Nigeria
3771,Democratic Republic of Congo
3772,China
3773,United States
3774,Czech Republic
3775,Kazakhstan
3776,Greece
3777,Greece
3778,Oman
3779,Oman
3780,Portugal
3781,United States
3782,Mexico
3783,Russia
3784,Canada
3785,Thailand
3786,Zambia
3787,Canada
3788,Turkey
3789,Australia
3790,Lebanon
3791,United Kingdom
3792,Mexico
3793,Mexico
3794,Mexico
3795,Mexico
3796,Canada
3797,Australia
3798,Sierra Leone
3799,Sierra Leone
3800,Israel
3801,Turkey
3802,Egypt
3803,Sweden
3804,Russia
3805,Russia
3806,Mexico
3807,Angola
3808,Syrian Arab Republic
3809,Sudan
3810,Pakistan
3811,Thailand
3812,Japan
3813,Nigeria
3814,New Zealand
3815,South Africa
3816,Russia
3817,Kazakhstan
3818,Netherlands
3819,Egypt
3820,Kyrgyzstan
3821,Belgium
3822,Germany
3823,Finland
3824,Nauru
3825,South Africa
3826,Nigeria
3827,United Kingdom
3828,United Kingdom
3829,Australia
3830,United States
3831,Australia
3832,South Africa
3833,United States
3834,Spain
3835,Thailand
3836,United States
3837,United States
3838,United Kingdom
3839,Uruguay
3840,Cambodia
3841,Spain
3842,United States
3843,Germany
3844,United States
3845,United States
3846,Canada
3847,United States
3848,United States
3849,United States
3850,Vietnam
3851,United States
3852,Australia
3853,United States
3854,New Zealand
3855,United States
3856,Canada
3857,Philippines
3858,Singapore
3859,United States
3860,United States
3861,United States
3862,Philippines
3863,Australia
3864,United States
3865,United States
3866,Philippines
3867,United States
3868,United States
3869,Spain
3870,United States
3871,Pakistan
3872,Estonia
3873,Mexico
3874,Palau
3875,Palau
3876,Egypt
3877,United Kingdom
3878,Afghanistan
3879,Sierra Leone
3880,Kenya
3881,United States
3882,United States
3883,Dominican Republic
3885,United States
3886,United States
3887,France
3888,Turkey
3889,Malaysia
3890,Mexico
3891,Ivory Coast
3892,United States
3893,Spain
3894,Panama
3895,Russia
3896,Hungary
3897,Spain
3898,United States
3899,United States
3900,Brazil
3901,Haiti
3902,United States
3903,United States
3904,United States
3905,United Kingdom
3906,Sierra Leone
3907,India
3908,United States
3909,Iran
3910,Iran
3911,Panama
3912,Canada
3913,Canada
3914,Brazil
3915,Argentina
3916,United Kingdom
3917,United States
3918,India
3919,Iran
3920,United Kingdom
3921,Pakistan
3922,Uganda
3923,Haiti
3924,Tonga
3925,Moldova
3926,Turkey
3927,Greece
3928,Turkey
3929,Norway
3930,South Africa
3931,United States
3932,Indonesia
3933,Canada
3934,United Kingdom
3935,United States
3936,Mexico
3937,Spain
3938,Kazakhstan
3939,Mexico
3940,Canada
3941,Russia
3942,Mexico
3943,Peru
3944,Peru
3945,Mexico
3946,United States
3947,Colombia
3948,Russia
3949,United States
3950,France
3951,Thailand
3952,Philippines
3953,Netherlands
3954,United States
3955,United States
3956,United States
3957,South Africa
3958,Zambia
3959,United States
3960,Brazil
3961,Germany
3962,United States
3963,United States
3964,Switzerland
3965,Armenia
3966,Kyrgyzstan
3967,United States
3968,Thailand
3969,United States
3970,Switzerland
3971,Mexico
3972,Canada
3973,Bahamas
3974,Angola
3975,United States
3976,United States
3977,United States
3978,Pakistan
3979,Spain
3980,Angola
3981,United States
3982,United States
3983,United States
3984,Germany
3985,United Kingdom
3986,United States
3987,Ukraine
3988,Niger
3989,Nigeria
3990,Burkina Faso
3991,Canada
3992,United States
3993,Mexico
3994,United Kingdom
3995,Russia
3996,France
3997,United Kingdom
3998,Poland
3999,Poland
4000,Germany
4001,Germany
4002,Germany
4003,Germany
4004,Germany
4005,Germany
4006,Germany
4007,Germany
4008,Germany
4009,Germany
4010,Germany
4011,United Kingdom
4012,United States
4013,Samoa
4014,New Zealand
4015,Russia
4016,United States
4017,Suriname
4018,United Kingdom
4019,United States
4020,Mexico
4021,Canada
4022,Portugal
4023,Portugal
4024,Portugal
4025,Portugal
4026,United States
4027,Mexico
4028,Canada
4029,United States
4030,Canada
4031,Tanzania
4032,United States
4033,Luxembourg
4034,United Kingdom
4035,United Kingdom
4036,Nigeria
4037,Germany
4038,Burkina Faso
4039,Equatorial Guinea
4040,Cambodia
4041,United States
4042,United States
4043,Russia
4044,United States
4045,United States
4046,United Kingdom
4047,United States
4048,Kazakhstan
4049,Canada
4050,Pakistan
4051,
4052,United States
4053,United States
4054,United States
4055,United States
4056,Switzerland
4057,United States
4058,United States
4059,Germany
4060,Spain
4061,United States
4062,United States
4063,Guinea
4064,United States
4065,Italy
4066,Zambia
4067,Mexico
4068,Canada
4069,Zambia
4070,United States
4071,France
4072,United States
4073,Pakistan
4074,Canada
4075,Canada
4076,Russia
4077,Indonesia
4078,Canada
4079,Mexico
4080,Portugal
4081,United States
4082,Mexico
4083,Russia
4084,Brazil
4085,Djibouti
4086,Spain
4087,Egypt
4088,Uzbekistan
4089,Australia
4090,Qatar
4091,Qatar
4092,Qatar
4093,Iran
4094,Canada
4095,Canada
4096,Dominican Republic
4097,United States
4098,Germany
4099,Netherlands
4100,Haiti
4101,Libya
4102,United States
4103,Australia
4104,South Africa
4105,Mexico
4106,Guatemala
4107,United Kingdom
4108,United Kingdom
4109,United Kingdom
4110,United Kingdom
4111,United Kingdom
4112,United Kingdom
4113,United Kingdom
4114,United Kingdom
4115,United Kingdom
4116,United Kingdom
4117,United Kingdom
4118,United Kingdom
4119,United Kingdom
4120,United Kingdom
4121,UNited Kingdom
4122,United Kingdom
4123,United Kingdom
4124,United Kingdom
4125,United Kingdom
4126,United Kingdom
4127,United Kingdom
4128,Latvia
4129,United Arab Emirates
4130,Germany
4131,Switzerland
4132,Ghana
4133,United States
4134,United States
4135,Pakistan
4136,United States
4137,United States
4138,United States
4139,United States
4140,United Kingdom
4141,Egypt
4142,Austria
4143,Kazakhstan
4144,United Kingdom
4145,United States
4146,Israel
4147,Jordan
4148,United States
4149,United Kingdom
4150,United States
4151,Spain
4152,Spain
4153,Spain
4154,Ghana
4155,Bulgaria
4156,United Kingdom
4157,United States
4158,United Kingdom
4159,Egypt
4160,Namibia
4161,United Arab Emirates
4162,United Kingdom
4163,United Kingdom
4164,New Zealand
4165,Kyrgyzstan
4166,United States
4167,Bahamas
4168,United States
4169,Canada
4170,Germany
4171,Canada
4172,Canada
4173,Mauritania
4174,Germany
4175,Morocco
4176,Tanzania
4177,Morocco
4178,Australia
4179,Spain
4180,United States
4181,United States
4182,United States
4183,United Kingdom
4184,Moldova
4185,United States
4186,United States
4187,United States
4188,Indonesia
4189,Mexico
4190,United States
4191,United States
4192,Indonesia
4193,United States
4194,United States
4195,United States
4196,United States
4197,New Zealand
4198,Brazil
4199,Kazakhstan
4200,Latvia
4201,Netherland
4202,Sweden
4203,United States
4204,Brazil
4205,United States
4206,United States
4207,Brazil
4208,South Africa
4209,Nigeria
4210,Ukraine
4211,Canada
4212,Dominican Republic
4213,United States
4214,United States
4215,Canada
4216,United States
4217,United States
4218,Nigeria
4219,Canada
4220,United Kingdom
4221,United Kingdom
4222,United Kingdom
4223,Romania
4224,Romania
4225,Mexico
4226,Guyana
4227,Russia
4228,United States
4229,Australia
4230,South Africa
4231,Netherlands
4232,Russia
4233,United States
4234,Cook Islands
4235,Brazil
4236,United Kingdom
4237,Netherlands
4238,United States
4239,South Africa
4240,South Africa
4241,United Kingdom
4242,Oman
4243,United Kingdom
4244,United Kingdom
4245,United Kingdom
4246,United Kingdom
4247,United States
4248,Morocco
4249,Pakistan
4250,United States
4251,Aruba
4252,Australia
4253,Canada
4254,Bahrain
4255,Brunei
4256,Uganda
4257,Ghana
4258,United Arab Emirates
4259,Jordan
4260,Jordan
4261,Cambodia
4262,Malaysia
4263,United Kingdom
4264,Nepal
4265,Netherlands
4266,Netherlands
4267,New Zealand
4268,Norway
4269,Oman
4270,Cambodia
4271,Rwanda
4272,Saudi Arabia
4273,Thailand
4274,Swaziland
4275,Tonga
4276,United States
4277,Belarus
4278,Nigeria
4279,Russia
4280,Russia
4281,Russia
4282,Russia
4283,Russia
4284,Russia
4285,Russia
4286,Russia
4287,Russia
4288,Venezuela
4289,United Kingdom
4290,Rwanda
4291,Rwanda
4292,Rwanda
4293,United States
4294,United States
4295,United States
4296,Ireland
4297,Russia
4298,United States
4299,France
4302,Bangladesh
4303,Kazakhstan
4304,Portugal
4305,South Africa
4306,Kyrgyzstan
4307,Sudan
4308,Singapore
4309,Sweden
4310,Kazakhstan
4311,Pakistan
4312,Canada
4313,United Kingdom
4314,Colombia
4315,Ecuador
4316,Mali
4317,Mexico
4318,Canada
4319,Sweden
4320,Kazakhstan
4321,Syrian Arab Republic
4322,Malaysia
4323,United Kingdom
4324,Switzerland
4325,Mali
4326,United States
4327,United States
4328,United States
4329,Russia
4330,Ghana
4331,Bahamas
4332,Zambia
4333,United States
4334,United States
4335,United States
4336,France
4337,Pakistan
4338,Democratic Republic of the Congo
4339,Spain
4340,United States
4341,United States
4342,United States
4343,Angola
4344,Mexico
4345,France
4346,Canada
4347,Peru
4348,Mexico
4349,Sri Lanka
4350,United States
4351,Egypt
4352,Thailand
4353,South Africa
4354,Sweden
4355,Mexico
4356,United States
4357,Canada
4358,Russia
4359,United States
4360,United States
4361,United States
4362,Spain
4363,Colombia
4364,United Kingdom
4365,Sudan
4366,France
4367,Colombia
4368,Mexico
4369,Sudan
4370,United States
4371,Mexico
4372,United States
4373,Pakistan
4374,Greece
4375,India
4376,Kazakhstan
4377,United States
4378,Nigeria
4379,Thailand
4380,Mexico
4381,Ecuador
4382,Spain
4383,France
4384,Canada
4385,South Africa
4386,United States
4387,Thailand
4388,Japan
4389,New Zealand
4390,Iran
4391,Pakistan
4392,South Africa
4393,Canada
4394,United States
4395,United Kingdom
4396,United States
4397,United States
4398,South Africa
4399,Kyrgyzstan
4400,Switzerland
4401,United Kingdom
4402,Chile
4403,Canada
4404,Netherlands
4405,Thailand
4406,Spain
4407,Canada
4408,Netherlands
4409,Kazakhstan
4410,Turkey
4411,United States
4412,Democratic Republic of the Congo
4413,United States
4414,Algeria
4415,United Kingdom
4416,United Kingdom
4417,Republic of Korea
4418,United Arab Emirates
4419,Egypt
4420,United Kingdom
4421,South Africa
4422,Pakistan
4423,Russia
4424,France
4425,China
4426,Canada
4427,Ethiopia
4428,Russia
4429,Portugal
4430,
4431,United States
4432,United States
4433,Nigeria
4434,Turkey
4435,Singapore
4436,Russia
4437,United States
4438,Ireland
4439,Japan
4440,Mexico
4441,Sierra Leone
4442,Italy
4443,United States
4444,Egypt
4445,Belgium
4446,Slovenia
4447,Italy
4448,Mexico
4449,Mexico
4450,South Africa
4451,United States
4452,Mexico
4453,Switzerland
4454,Indonesia
4455,Saudi Arabia
4456,ACOM
4457,Spain
4458,Bangladesh
4459,United States
4460,Mexico
4461,Switzerland
4462,Germany
4463,Slovakia
4464,Singapore
4465,Slovakia
4466,Mexico
4467,Canada
4468,Colombia
4469,Cambodia
4470,Switzerland
4471,Sweden
4472,Mexico
4473,Russia
4474,Ecuador
4475,Philippines
4476,Denmark
4477,Canada
4478,Peru
4479,Sudan
4480,United States
4481,South Africa
4482,Canada
4483,United States
4484,France
4485,Mexico
4486,Russia
4487,Slovakia
4488,Sweden
4489,United States
4490,United Kingdom
4491,United Kingdom
4492,Australia
4493,Spain
4494,Canada
4495,Venezuela
4496,Canada
4497,United Kingdom
4498,Sierra Leone
4499,United Kingdom
4500,United Kingdom
4501,Ukraine
4502,United Kingdom
4503,Mexico
4504,United Kingdom
4505,Sudan
4506, Boonville Stage Line
4507,Armenia
4508,Canada
4509,Netherlands
4510,United Kingdom
4511,Russia
4512,Indonesia
4513,Argentina
4514,Somali Republic
4515,Ghana
4516,Philippines
4517,South Africa
4518,Austria
4519,Czech Republic
4520,United States
4521,Sudan
4522,Fiji
4523,Senegal
4524,Kyrgyzstan
4525,Switzerland
4526,Kenya
4527,Russia
4528,Egypt
4529,Denmark
4530,Mexico
4531,United States
4532,Venezuela
4533,Saudi Arabia
4534,Saint Vincent and the Grenadines
4535,Sweden
4536,Niger
4537,United Kingdom
4538,Mexico
4539,Australia
4540,Djibouti
4541,Ukraine
4542,Angola
4543,Mexico
4544,Mexico
4545,Luxembourg
4546,United States
4547,United States
4548,Switzerland
4549,Canada
4550,Argentina
4551,Sweden
4552,United States
4553,Canada
4554,United States
4555,United States
4556,Suriname
4557,Italy
4558,United States
4559,Switzerland
4560,Switzerland
4561,United States
4562,Spain
4563,Switzerland
4564,Sweden
4565,Ukraine
4566,Swaziland
4567,Switzerland
4568,SWISSBIRD
4569,United States
4570,Nigeria
4571,United States
4572,Mexico
4573,Turkey
4574,Mexico
4575,United States
4576,Kenya
4577,Argentina
4578,United States
4579,Yemen
4580,United States
4581,United Kingdom
4582,United States
4583,Canada
4584,United States
4585,Canada
4586,Syrian Arab Republic
4587,United Kingdom
4588,United States
4589,United States
4590,Azerbaijan
4591,South Africa
4592,Mexico
4593,Russia
4594,Ireland
4595,United States
4596,Russia
4597,Russia
4598,Sweden
4599,China
4600,South Africa
4601,Mexico
4602,Sweden
4603,Slovakia
4604,Russia
4605,Canada
4606,Norway
4607,China
4608,China
4609,China
4610,China
4611,China
4612,China
4613,United States
4614,Spain
4615,Mexico
4616,Switzerland
4617,Nigeria
4618,Namibia
4619,Israel
4620,Slovakia
4621,Australia
4622,South Africa
4623,Germany
4624,Nigeria
4625,United Kingdom
4626,United States
4627,United Kingdom
4628,Mexico
4629,United States
4630,Guinea
4631,Mexico
4632,Greece
4633,Germany
4634,Japan
4635,Mexico
4636,Mexico
4637,United States
4638,Canada
4639,Lithuania
4640,Slovakia
4641,Sweden
4642,Spain
4643,Poland
4644,United States
4645,Mexico
4646,Ukraine
4647,Iran
4648,Iran
4649,Kenya
4650,United States
4651,United Kingdom
4652,Spain
4653,Kazakhstan
4654,Chile
4655,Colombia
4656,Italy
4657,Mexico
4658,Mexico
4659,Mexico
4660,Mexico
4661,South Africa
4662,United States
4663,Costa Rica
4664,United Kingdom
4665,Sweden
4666,Norway
4667,Mexico
4668,Cayman Islands
4669,Mexico
4670,United States
4671,Mozambique
4672,Costa Rica
4673,Mexico
4674,Australia
4675,United States
4676,United States
4677,Russia
4678,Russia
4679,
4680,Australia
4681,United States
4682,France
4683,Guinea
4684,Indonesia
4685,Mexico
4686,Canada
4687,United States
4688,Mexico
4689,Mexico
4690,Mauritania
4691,Colombia
4692,Mexico
4693,Mexico
4694,Gambia
4695,Spain
4696,Venezuela
4697,United Kingdom
4698,Switzerland
4699,Nigeria
4700,Mexico
4701,Ukraine
4702,Australia
4703,Russia
4704,United States
4705,Mexico
4706,Indonesia
4707,Mexico
4708,Dominican Republic
4709,United States
4710,South Africa
4711,United States
4712,China
4713,South Africa
4714,Ecuador
4715,Romania
4716,Mexico
4717,Russia
4718,Mexico
4719,Saudi Arabia
4720,United States
4721,United States
4722,United States
4723,United States
4724,Georgia
4725,United States
4726,Canada
4727,United Kingdom
4728,Turks and Caicos Islands
4729,Canada
4730,Canada
4731,United States
4732,United Kingdom
4733,South Africa
4734,Belgium
4735,Venezuela
4736,Thailand
4737,Chile
4738,United States
4739,Sweden
4740,Japan
4741,United States
4742,Sierra Leone
4743,Nigeria
4744,Czech Republic
4745,South Africa
4746,Italy
4747,Canada
4748,United States
4749,Mexico
4750,Singapore
4751,Slovakia
4752,Suriname
4753,United Kingdom
4754,Sudan
4755,Mexico
4756,Mauritania
4757,Nigeria
4758,Brazil
4759,Sudan
4760,Angola
4761,Nigeria
4762,Indonesia
4763,Mexico
4764,United States
4765,Kazakhstan
4766,Sweden
4767,United States
4768,Kazakhstan
4769,Canada
4770,United States
4771,Tajikistan
4772,Tajikistan
4773,Nigeria
4774,AEROSOL
4775,Germany
4776,Denmark
4777,Nicaragua
4778,Russia
4779,Senegal
4780,Nigeria
4781,Japan
4782,United States
4783,United States
4784,Italy
4785,United States
4786,United States
4787,Central African Republic
4788,United States
4789,Israel
4790,Sudan
4791,United States
4792,Canada
4793,Zambia
4794,Russia
4795,United States
4796,Zambia
4797,Solomon Islands
4798,Somali Republic
4799,United States
4800,United States
4801,Slovenia
4802,Angola
4803,United States
4804,United States
4805,Russia
4806,Canada
4807,Netherland
4808,Kazakhstan
4809,United States
4810,South Africa
4811,United States
4812,United States
4813,Nigeria
4814,United States
4815,South Africa
4816,United States
4817,Mexico
4818,Bulgaria
4819,United States
4820,Mexico
4821,Mexico
4822,United States
4823,Sweden
4824,Thailand
4825,Romania
4826,South Africa
4827,Mauritania
4828,Mauritania
4829,Mexico
4830,Russia
4831,Russia
4832,Mexico
4833,Ukraine
4834,Uzbekistan
4835,Uzbekistan
4836,Mexico
4837,Netherlands
4838,Rwanda
4839,Mexico
4840,Kazakhstan
4841,United States
4842,United States
4843,Switzerland
4844,South Africa
4845,Kenya
4846,Mexico
4847,United States
4848,United States
4849,Canada
4850,Mexico
4851,Canada
4852,Canada
4853,United States
4854,
4855,Denmark
4856,Spain
4857,Ukraine
4860,Sweden
4861,Senegal
4862,Dominican Republic
4863,Ecuador
4864,United States
4865,United States
4866,Papua New Guinea
4867,Brazil
4868,Australia
4869,Portugal
4870,Tunisia
4871,Mexico
4872,Germany
4873,Belgium
4874,Brazil
4875,United Kingdom
4876,Canada
4877,Haiti
4878,Bahamas
4879,United States
4880,Iran
4881,Sierra Leone
4882,Tunisia
4883,Trinidad and Tobago
4884,Egypt
4885,Colombia
4886,Sudan
4887,Chad
4888,United States
4889,Thailand
4890,Bahrain
4891,United States
4892,United States
4893,United Kingdom
4894,Uruguay
4895,Philippines
4896,Belgium
4897,United Kingdom
4898,United States
4899,Spain
4900,United States
4901,Mexico
4902,Moldova
4903,Dominican Republic
4904,Croatia
4905,Mexico
4906,United States
4907,Kyrgyzstan
4908,Austria
4909,Spain
4910,United States
4911,United States
4912,Slovakia
4913,United States
4914,United States
4915,El Salvador
4916,Russia
4917,Moldova
4918,United States
4919,Philippines
4920,United States
4921,Spain
4922,Thailand
4923,United States
4924,Sao Tome and Principe
4925,Mexico
4926,Thailand
4927,Chile
4928,United Kingdom
4929,United Kingdom
4930,Spain
4931,Mexico
4932,Spain
4933,Indonesia
4934,United Kingdom
4935,Canada
4936,Singapore
4937,Australia
4938,Gabon
4939,Guyana
4940,Thailand
4941,United States
4942,Chad
4943,France
4944,Thailand
4945,Thailand
4946,Turkey
4947,Thailand
4948,Honduras
4949,Iran
4950,Canada
4951,Turkey
4952,France
4953,United States
4954,Zambia
4955,Czech Republic
4956,Australia
4957,Tajikistan
4958,Brazil
4959,Dominican Republic
4960,Russia
4961,Venezuela
4962,Tajikistan
4963,Kazakhstan
4964,Austria
4965,France
4966,Guatemala
4967,France
4968,Saint Kitts and Nevis
4969,Thailand
4970,Ireland
4971,Sierra Leone
4972,Sierra Leone
4973,United States
4974,Netherland
4975,Tunisia
4976,United States
4977,Fiji
4978,Uruguay
4979,United States
4980,Spain
4981,Lebanon
4982,Egypt
4983,Indonesia
4984,Mexico
4985,Israel
4986,United States
4987,Madagascar
4988,United States
4989,Mauritania
4990,Canada
4991,United States
4992,United States
4993,South Africa
4994,Mexico
4995,Venezuela
4996,Benin
4997,Mexico
4998,Burkina Faso
4999,United States
5000,United States
5001,Mongolia
5002,Aruba
5003,Austria
5004,United States
5005,Canada
5006,United States
5007,Ethiopia
5008,Hungary
5009,United States
5010,Libya
5011,Tajikistan
5012,United States
5013,United Kingdom
5014,Turkey
5015,Canada
5016,Belize
5017,Canada
5018,United States
5019,Canada
5020,Colombia
5021,Austria
5022,Mexico
5023,Mexico
5024,Mauritania
5025,Mexico
5026,Mexico
5027,Australia
5028,Mexico
5029,Argentina
5030,Mexico
5031,Peru
5032,Thailand
5033,Mexico
5034,Canada
5035,Mexico
5036,United States
5037,Mexico
5038,Taiwan
5039,Netherlands
5040,United States
5041,Portugal
5042,Barbados
5043,France
5044,Spain
5045,United Kingdom
5046,Mauritania
5047,United States
5048,Netherland
5049,Sudan
5050,Sudan
5051,Uganda
5052,United States
5053,United States
5054,United States
5055,France
5056,Brazil
5057,Malaysia
5058,Republic of the Congo
5059,France
5060,Kyrgyzstan
5061,Kyrgyzstan
5062,Thailand
5063,Iran
5064,Canada
5065,Lebanon
5066,Nigeria
5067,Russia
5068,Guatemala
5069,Democratic Republic of Congo
5070,United States
5071,Kazakhstan
5072,United Kingdom
5073,Switzerland
5074,Thailand
5075,Egypt
5076,Mozambique
5077,Angola
5078,Turkey
5079,Brazil
5080,Nigeria
5081,Mexico
5082,Mexico
5083,Turkmenistan
5084,Chile
5085,Tunisia
5086,Russia
5087,Russia
5088,Mexico
5089,Kazakhstan
5090,Sweden
5091,United States
5092,Spain
5093,Moldova
5094,Hungary
5095,Italy
5096,Ukraine
5097,Czech Republic
5098,United States
5099,Sweden
5100,United Kingdom
5101,Canada
5102,Mozambique
5103,Netherlands
5104,Angola
5105,United States
5106,Belarus
5107,Romania
5108,Mexico
5109,Mexico
5110,United States
5111,Mexico
5112,Mexico
5113,United States
5114,United States
5115,United States
5116,United Kingdom
5117,Sweden
5118,Austria
5119,Mexico
5120,Tajikistan
5121,Germany
5122,Sweden
5123,Bolivia
5124,United Kingdom
5125,United States
5126,United States
5127,Germany
5128,Uzbekistan
5129,United States
5130,Chile
5131,United Kingdom
5132,Canada
5133,Angola
5134,Algeria
5135,Mexico
5136,Peru
5137,United Kingdom
5138,Georgia
5139,Switzerland
5140,United Kingdom
5141,United States
5142,United States
5143,United States
5144,Spain
5145,France
5146,Turkey
5147,Iceland
5148,Iran
5149,Iran
5150,Mauritania
5151,Ukraine
5152,Canada
5153,Kazakhstan
5154,Lithuania
5155,Russia
5156,Paraguay
5157,United States
5158,United States
5159,Indonesia
5160,United States
5161,Canada
5162,Mexico
5163,Mexico
5164,United Kingdom
5165,Mexico
5166,United States
5167,Mexico
5168,China
5169,Belgium
5171,United Kingdom
5172,United States
5173,Philippines
5174,New Zealand
5175,Russia
5176,United States
5177,Mauritania
5178,United States
5179,Romania
5180,Chile
5181,Mexico
5182,Georgia
5183,Ecuador
5184,Nigeria
5185,Mexico
5186,Kazakhstan
5187,Azerbaijan
5188,Brazil
5189,Georgia
5190,Uzbekistan
5191,Mongolia
5192,Uganda
5193,Venezuela
5194,United Kingdom
5195,Georgia
5196,Mexico
5197,Indonesia
5198,Mexico
5199,
5202,United States
5203,United States
5204,United Kingdom
5205,Guinea
5206,United States
5207,United States
5208,Sudan
5209,United States
5210,Zimbabwe
5211,United States
5212,China
5213,United States
5214,United Kingdom
5215,United Kingdom
5216,United Kingdom
5217,United Kingdom
5218,United Kingdom
5219,United States
5220,United States
5221,United Kingdom
5222,United Kingdom
5223,United Kingdom
5224,United Kingdom
5225,Ukraine
5226,United Kingdom
5227,United States
5228,France
5229,United States
5230,United States
5231,United States
5232,Uganda
5233,Spain
5234,Russia
5235,Ukraine
5236,United Arab Emirates
5237,Ivory Coast
5238,Uganda
5239,United States
5240,Spain
5241,Ukraine
5242,United States
5243,Uganda
5244,Spain
5245,Ukraine
5246,Russia
5247,Mexico
5248,United States
5249,United Kingdom
5250,Ukraine
5251,Ukraine
5252,Ukraine
5253,United Kingdom
5254,Ukraine
5255,United States
5256,Russia
5257,Denmark
5258,United States
5259,Spain
5260,Turkey
5261,Italy
5262,Ukraine
5263,United States
5264,Russia
5265,United States
5266,United States
5267,United States
5268,United States
5269,United States
5270,United States
5271,Russia
5272,Equatorial Guinea
5273,South Africa
5274,Ukraine
5275,Armenia
5276,United States
5277,Guyana
5278,Mexico
5279,United States
5280,Kuwait
5281,Uzbekistan
5282,Ukraine
5283,United States
5284,United States
5288,Australia
5289,Netherlands
5290,Ukraine
5291,Armenia
5292,Canada
5293,Switzerland
5294,South Africa
5295,Moldova
5296,Iceland
5297,Singapore
5298,Czech Republic
5299,Mexico
5300,United States
5301,Vietnam
5302,Kazakhstan
5303,Ukraine
5304,VELES
5305,Mexico
5306,United Kingdom
5307,Canada
5308,Greece
5309,Vietnam
5310,Kazakhstan
5311,Russia
5312,Russia
5313,Canada
5314,United Kingdom
5315,United States
5317,Nigeria
5318,United States
5319,Kazakhstan
5320,Latvia
5321,Ireland
5322,Venezuela
5323,Brazil
5324,United States
5325,Mexico
5326,Russia
5327,Bulgaria
5328,Venezuela
5329,Spain
5330,Ireland
5331,United States
5332,United States
5333,Belgium
5334,Mexico
5335,Nigeria
5336,Russia
5337,Angola
5338,Germany
5339,Germany
5340,Mexico
5341,Mexico
5342,Austria
5343,Sudan
5344,Moldova
5345,Sweden
5346,Portugal
5347,United Kingdom
5348,Mexico
5349,Canada
5350,Macao
5351,Italy
5352,Spain
5353,Russia
5354,Brazil
5355,Russia
5356,United States
5357,Russia
5358,Bulgaria
5359,Bangladesh
5360,Australia
5361,Australia
5362,Slovakia
5363,Ukraine
5364,Georgia
5365,United Kingdom
5366,Ukraine
5367,Angola
5368,Brazil
5369,United Kingdom
5370,Spain
5371,Canada
5372,Russia
5373,Brazil
5374,United States
5375,Mexico
5376,Mexico
5377,Russia
5378,Chile
5379,Bulgaria
5380,Ecuador
5381,Mexico
5382,Russia
5383,Belgium
5384,United States
5385,Uganda
5386,Russia
5387,Germany
5388,United States
5389,United States
5390,United States
5391,Canada
5392,Sweden
5393,Canada
5394,United States
5395,United Kingdom
5396,Canada
5397,Peru
5398,Liberia
5399,Brazil
5400,United States
5401,Austria
5402,Sweden
5403,Ghana
5404,Senegal
5405,Benin
5406,Mauritania
5407,Luxembourg
5408,Sweden
5409,Colombia
5410,Costa Rica
5411,Canada
5412,Ghana
5413,Sierra Leone
5414,United Kingdom
5415,Canada
5416,Canada
5417,Namibia
5418,Cote d'Ivoire
5419,United States
5420,Canada
5421,Bahamas
5422,United States
5423,United States
5424,United States
5425,Canada
5426,United States
5427,Canada
5428,United States
5429,Solomon Islands
5430,United Kingdom
5431,United States
5432,United Kingdom
5433,Canada
5434,United States
5435,Portugal
5436,Poland
5437,Canada
5438,Australia
5439,Norway
5440,United States
5441,Germany
5442,United States
5443,United States
5444,United Kingdom
5445,Democratic Republic of Congo
5446,United States
5447,Italy
5448,United States
5449,Germany
5450,Netherland
5451,Indonesia
5452,Sudan
5453,United States
5454,Guyana
5455,United States
5456,United States
5457,Lebanon
5458,Saint Lucia
5459,United States
5460,United States
5461,Hungary
5462,Bulgaria
5463,Spain
5464,United Kingdom
5465,United States
5466,Canada
5467,Kyrgyzstan
5468,United States
5469,Canada
5470,Pakistan
5471,United States
5472,United States
5473,United States
5474,China
5475,United Kingdom
5476,United States
5479,France
5480,Netherlands
5481,Mexico
5482,United Kingdom
5483,United States
5484,China
5485,China
5486,United Kingdom
5487,United States
5490,Russia
5491,Russia
5492,Russia
5493,Cambodia
5494,China
5495,Kenya
5496,Yemen
5497,Armenia
5498,United States
5499,Japan
5500,Kazakhstan
5501,Ukraine
5504,Armenia
5505,Iran
5506,Democratic Republic of Congo
5507,Democratic Republic of Congo
5508,Zambia
5509,Zambia
5510,Tanzania
5511,United States
5512,Egypt
5513,South Africa
5514,Mauritania
5515,United States
5516,China
5517,Kazakhstan
5518,Kazakhstan
5519,China
5520,China
5521,Canada
5522,Switzerland
5523,Canada
5524,Bangladesh
5525,Spain
5526,Croatia
5533,\N
5556,\N
5559,Maldives
5584,Russia
5640,United States
5651,Cambodia
5813,Burma
5833,Switzerland
5905,Honduras
5982,Republic of Korea
6002,Belgium
6182,Norway
6183,Norway
6196,Russia
6222,Kazakhstan
6557,Japan
6578,New Zealand
6855,Switzerland
6856,Austria
6860,United Kingdom
6862,Norway
8359,Peru
8434,Austria
8461,United States
8463,Bangladesh
8523,United Kingdom
8568,Maldives
8576,Kenya
8745,France
8809,United States
9018,Thailand
9082,Taiwan
9135,Belarus
9225,Russia
9239,Russia
9286,Greece
9287,Australia
9335,Germany
9343,Yemen
9344,Russia
9373,Spain
9531,Tajikistan
9541,Mozambique
9577,Estonia
9620,Gabon
9626,Sweden
9656,Maldives
9666,Fiji
9764,Philippines
9784,Burma
9793,France
9798,Iceland
9808,Italy
9809,South Korea
9810,South Korea
9811,Kuwait
9814,France
9818,Morocco
9825,Latvia
9828,Canada
9829,Canada
9833,United States
9838,Vietnam
9840,United States
9851,Chile
9853,Peru
9859,Germany
10069,Germany
10094,Russia
10114,Germany
10117,Lithuania
10118,United States
10119,United States
10121,United States
10122,Austria
10123,United States
10124,United States
10128,Israel
10224,Belgium
10226,United States
10318,United Kingdom
10334,United Kingdom
10367,United States
10371,Dominican Republic
10372,Italy
10642,United Kingdom
10646,United Kingdom
10650,Chile
10673,Canada
10674,Slovakia
10675,Australia
10683,Canada
10715,Mexico
10735,Canada
10737,Russia
10738,Russia
10739,United States
10740,China
10741,China
10748,United States
10758,Afghanistan
10765,United States
10776,United States
10796,United States
10798,Germany
10800,Lithuania
10845,Indonesia
10902,Italy
10912,United States
10929,Argentina
10945,Canada
10955,Mexico
10960,Iceland
10969,Peru
11700,Portugal
11719,Bahamas
11724,Saint Vincent and the Grenadines
11726,Dominican Republic
11731,Dominican Republic
11732,Iceland
11741,Guadeloupe
11751,Argentina
11755,Paraguay
11761,Ecuador
11762,Peru
11763,Peru
11765,Colombia
11767,Russia
11794,Mauritius
11795,Spain
11798,Angola
11800,Mauritania
11802,Equatorial Guinea
11804,Cape Verde
11805,Congo (Kinshasa)
11806,Congo (Kinshasa)
11808,Zambia
11811,Egypt
11813,Egypt
11814,Latvia
11815,Egypt
11816,Egypt
11820,Ukraine
11823,Cameroon
11833,Tunisia
11834,Greece
11836,Netherlands
11838,Niger
11839,Nigeria
11840,Sao Tome and Principe
11843,Lebanon
11850,Uganda
11855,Russia
11856,Denmark
11857,Jordan
11873,Georgia
11922,Canada
11943,Turkey
11947,Greece
11948,Greece
11949,Iceland
11950,Iceland
11963,Kazakhstan
11995,Portugal
12960,Ukraine
12961,United States
12962,Spain
12965,Philippines
12975,China
12976,China
12978,China
12990,Sweden
12997,Qatar
13076,China
13088,Russia
13089,China
13105,India
13106,India
13107,India
13108,Maldives
13130,Indonesia
13178,Australia
13181,Iran
13187,Kyrgyzstan
13188,United Arab Emirates
13189,Pakistan
13190,Iraq
13200,Japan
13202,South Korea
13209,Mongolia
13211,Palau
13217,Syria
13218,Thailand
13242,New Zealand
13254,Russia
13303,Iran
13304,Germany
13306,Brazil
13335,Germany
13388,United Kingdom
13389,Namibia
13390,South Africa
13391,United States
13392,South Africa
13394,Australia
13395,Australia
13397,Australia
13398,Australia
13633,United States
13690,Germany
13704,Greece
13732,Uruguay
13734,Russia
13757,Ukraine
13781,Cyprus
13815,Russia
13838,Brazil
13899,Cambodia
13905,India
13923,China
13936,United Kingdom
13947,France
13983,Brazil
14061,Russia
14069,Russia
14073,Finland
14094,Cameroon
14109,Saudi Arabia
14118,Pakistan
14388,Congo (Kinshasa)
14485,United Arab Emirates
14620,Dominican Republic
14679,Austria
14725,Canada
14728,Sweden
14849,Italy
14858,Indonesia
14881,Russia
14921,Germany
15814,Russia
15837,China
15867,Russia
15887,United States
15893,Russia
15897,Peru
15930,South Africa
15939,Germany
15953,Czech Republic
15970,Venezuela
15975,United States
15984,Germany
15985,Brazil
15989,Brazil
15999,China
16025,Japan
16084,Vietnam
16093,Peru
16100,Thailand
16101,Thailand
16103,Vietnam
16110,Canada
16116,Germany
16120,Russia
16127,Brazil
16130,Argentina
16131,Guinea
16133,Nepal
16134,Georgia
16135,United States
16136,Georgia
16139,Serbia
16149,Netherlands Antilles
16150,Brazil
16151,Colombia
16197,France
16198,Lithuania
16234,Brazil
16260,United Kingdom
16261,United Kingdom
16262,Colombia
16264,United States
16273,Russia
16323,Nepal
16327,India
16329,Canada
16358,Turkey
16359,Japan
16362,India
16363,Argentina
16364,Brazil
16373,Turkey
16399,France
16409,Kyrgyzstan
16415,Cameroon
16437,Peru
16459,Canada
16475,Turkey
16487,Brazil
16507,Russia
16508,American Samoa
16511,Russia
16556,Poland
16570,Zimbabwe
16585,Germany
16615,Mongolia
16616,Russia
16624,South Korea
16625,United States
16628,Egypt
16645,Brazil
16660,Russia
16671,Cook Islands
16675,United States
16695,Brazil
16702,United States
16707,South Korea
16715,United States
16717,Barbados
16719,Greece
16720,Peru
16721,Canada
16723,Poland
16724,Mexico
16725,Russia
16726,United States
16728,Russia
16735,United States
16738,India
16753,Canada
16760,Netherlands
16794,Romania
16796,Russia
16798,France
16804,Peru
16808,Finland
16811,Italy
16825,United States
16826,Brazil
16837,France
16844,British Virgin Islands
16858,Germany
16860,Haiti
16867,Zambia
16868,Thailand
16881,United Kingdom
16882,Russia
16895,Slovakia
16900,Brazil
16901,India
16919,Czech Republic
16921,Austria
16926,Spain
16932,United States
16939,Romania
16940,Spain
16942,Mauritania
16956,Macedonia
16960,Burma
16963,Egypt
16967,Italy
16973,Poland
16975,Italy
16983,Romania
16985,Romania
17022,Australia
17023,Kazakhstan
17026,Georgia
17027,Georgia
17082,Australia
17083,Egypt
17086,Sudan
17094,Senegal
17095,Sierra Leone
17099,Ghana
17115,Denmark
17408,Thailand
17519,United States
17557,Australia
17563,United States
17568,Russia
17571,South Korea
17572,South Africa
17574,Pakistan
17575,Pakistan
17614,Slovakia
17618,Poland
17628,United States
17629,United States
17630,United States
17658,Spain
17666,United Kingdom
17675,Japan
17694,Spain
17695,Russia
17726,Malaysia
17750,Russia
17780,Puerto Rico
17786,Congo (Kinshasa)
17794,Indonesia
17822,Malaysia
17841,United States
17859,United States
17860,United States
17861,South Africa
17862,United States
17881,Spain
17885,Mexico
17889,Ukraine
17890,Finland
17891,Singapore
17893,Spain
17909,Portugal
17911,China
17935,Thailand
17936,Azerbaijan
17955,Switzerland
17963,Belgium
17989,Austria
18011,Austria
18076,Australia
18083,Russia
18118,Vietnam
18140,Spain
18169,United States
18178,United States
18228,United States
18232,Uruguay
18237,Japan
18239,United States
18241,United States
18252,Ireland
18257,United States
18475,China
18476,Burma
18477,Portugal
18497,Burma
18529,United States
18543,Switzerland
18545,United States
18553,Netherlands
18592,France
18616,Russia
18617,Germany
18621,Ukraine
18637,Slovakia
18643,United States
18668,Egypt
18672,Afghanistan
18673,Colombia
18676,Peru
18681,United Kingdom
18692,United Arab Emirates
18700,Russia
18702,Norway
18722,United States
18723,United States
18724,United States
18727,United States
18732,Malaysia
18749,Netherlands Antilles
18762,Congo (Brazzaville)
18781,Greece
18825,Tanzania
18828,Russia
18860,Russia
18863,Russia
18896,France
18930,United States
18944,Netherlands Antilles
18946,Colombia
18952,Finland
18959,Poland
19007,Greece
19016,United States
19025,Germany
19026,Germany
19030,Hong Kong
19204,United States
19208,Netherlands
19215,Maldives
19225,Thailand
19231,Germany
19232,Germany
19244,Burma
19262,United States
19276,Spain
19280,Haiti
19287,United States
19290,United States
19305,Indonesia
19317,Italy
19337,Canada
19350,United States
19351,United States
19358,Turks and Caicos Islands
19359,Poland
19361,Finland
19363,Russia
19367,Ukraine
19423,United States
19433,United States
19451,India
19459,Nepal
19465,United States
19473,Portugal
19474,Russia
19525,United Kingdom
19531,Russia
19538,United States
19541,Malawi
19548,Nepal
19567,Switzerland
19582,Serbia
19599,Turkey
19610,Lithuania
19619,United States
19651,Barbados
19674,United States
19675,Canada
19676,United States
19677,United Kingdom
19678,United States
19745,Romania
19751,Russia
19774,United States
19776,Lithuania
19785,Slovakia
19803,Argentina
19804,United States
19805,China
19806,South Africa
19807,Mexico
19808,United Kingdom
19809,Spain
19810,Iceland
19811,United Kingdom
19812,Brazil
19813,Colombia
19814,Uruguay
19815,Venezuela
19827,Chile
19828,Cuba
19830,Australia
19831,Spain
19834,Portugal
19845,Germany
19886,Japan
19890,United States
19891,United States
19908,Italy
19917,United States
19923,Jamaica
19927,Canada
19928,Argentina
19930,Thailand
19944,Jamaica
19963,Tonga
19970,Argentina
19971,Chile
19974,Russia
19977,Brazil
19979,Germany
19983,Canada
19986,Canada
20004,Costa Rica
20017,Romania
20047,Ghana
20051,Zimbabwe
20060,United States
20073,Colombia
20074,Mexico
20110,Brazil
20124,United Kingdom
20127,Kenya
20144,Uruguay
20155,United Kingdom
20158,Russia
20160,Thailand
20170,Norway
20186,United Kingdom
20207,Indonesia
20218,Chile
20220,China
20221,Cambodia
20222,United States
20224,Argentina
20225,Burma
20261,Italy
20264,India
20268,Russia
20270,Russia
20282,France
20285,Canada
20286,India
20288,Spain
20293,Canada
20401,Taiwan
20415,United Kingdom
20438,Japan
20478,Iran
20548,United States
20549,United States
20565,United States
20566,Egypt
20577,Spain
20580,Chile
20589,United Kingdom
20599,Argentina
20607,United States
20608,Russia
20653,Italy
20657,Cambodia
20675,Japan
20686,Bahamas
20695,Russia
20698,Japan
20710,United States
20716,Ukraine
20725,Bolivia
20726,Bangladesh
20729,Norway
20752,Iran
20769,Argentina
20777,Macedonia
20788,Macedonia
20802,Germany
20808,United States
20824,Indonesia
20827,France
20875,United Kingdom
20881,France
20923,Cyprus
20931,United States
20961,Germany
20962,Russia
20963,United States
20976,United States
20978,United States
20986,United Kingdom
20991,United States
20994,Aruba
20995,Germany
20996,United States
21012,Moldova
21021,Estonia
21036,Kyrgyzstan
21043,South Sudan
21056,France
21124,United States
21131,Paraguay
21179,Thailand
21181,Thailand
21240,Japan
21248,China
21251,United States
21268,Australia
21270,India
21317,Russia
